datetime,weather_main,weather_desc,temp,feels_like,temp_min,temp_max,pressure,humidity,visibility,wind_speed,wind_angle,clouds,maximum_severity,total_impacting,total_delays_free_flow,total_delays_typical,Car_0.9,Car_0.7,Car_0.5,Car_0.3,Car_0.1,Taxi_0.9,Taxi_0.7,Taxi_0.5,Taxi_0.3,Taxi_0.1,Land vehicle_0.9,Land vehicle_0.7,Land vehicle_0.5,Land vehicle_0.3,Land vehicle_0.1,Van_0.9,Van_0.7,Van_0.5,Van_0.3,Van_0.1,Truck_0.9,Truck_0.7,Truck_0.5,Truck_0.3,Truck_0.1,Vehicle_0.9,Vehicle_0.7,Vehicle_0.5,Vehicle_0.3,Vehicle_0.1,Bus_0.9,Bus_0.7,Bus_0.5,Bus_0.3,Bus_0.1,Motorcycle_0.9,Motorcycle_0.7,Motorcycle_0.5,Motorcycle_0.3,Motorcycle_0.1,Ambulance_0.9,Ambulance_0.7,Ambulance_0.5,Ambulance_0.3,Ambulance_0.1
10/04/2022 20:44:39,Clouds,broken clouds,8.6,3.6,7.31,10.04,1008,47,10000,13.89,320,75,2,21,0.0,0.0,0,0,0,0,2,0,0,0,0,0,0,0,0,0,4,0,0,0,0,0,0,0,0,0,0,0,0,0,0,3,0,0,0,0,0,0,0,0,0,0,0,0,0,0,0
10/04/2022 20:49:39,Clouds,broken clouds,8.6,3.6,7.31,10.04,1008,47,10000,13.89,320,75,2,21,0.0,0.0,0,0,0,0,2,0,0,0,0,0,0,0,0,1,6,0,0,0,0,0,0,0,0,0,0,0,0,0,0,8,0,0,0,0,0,0,0,0,0,0,0,0,0,0,0
10/04/2022 20:54:39,Clouds,overcast clouds,8.68,5.07,7.22,10.13,1008,49,10000,7.6,310,100,2,21,0.0,0.0,0,0,0,0,3,0,0,0,0,0,0,0,0,1,6,0,0,0,0,0,0,0,0,0,0,0,0,1,3,10,0,0,0,0,0,0,0,0,0,0,0,0,0,0,0
10/04/2022 20:59:39,Clouds,overcast clouds,8.68,5.07,7.22,10.13,1008,49,10000,7.6,310,100,2,21,0.0,0.0,0,0,0,0,1,0,0,0,0,0,0,0,0,0,3,0,0,0,0,0,0,0,0,0,0,0,0,0,1,9,0,0,0,0,0,0,0,0,0,0,0,0,0,0,0
10/04/2022 21:04:39,Clouds,overcast clouds,8.68,5.07,7.22,10.13,1008,49,10000,7.6,310,100,2,21,0.0,0.0,0,0,0,0,1,0,0,0,0,0,0,0,0,0,3,0,0,0,0,0,0,0,0,0,0,0,0,0,2,6,0,0,0,0,0,0,0,0,0,0,0,0,0,0,0
10/04/2022 21:09:39,Clouds,overcast clouds,8.78,4.65,7.55,10.23,1008,48,10000,9.77,310,100,2,21,0.0,0.0,0,0,0,0,2,0,0,0,0,0,0,0,0,1,2,0,0,0,0,0,0,0,0,0,0,0,0,0,0,3,0,0,0,0,0,0,0,0,0,0,0,0,0,0,0
10/04/2022 21:14:39,Clouds,overcast clouds,8.78,4.65,7.55,10.23,1008,48,10000,9.77,310,100,2,21,0.0,0.0,0,0,0,0,2,0,0,0,0,0,0,0,0,1,5,0,0,0,0,0,0,0,0,0,0,0,0,0,2,10,0,0,0,0,0,0,0,0,0,0,0,0,0,0,0
10/04/2022 21:19:39,Clouds,overcast clouds,8.8,4.67,7.66,9.94,1008,47,10000,9.77,310,100,2,21,0.0,0.0,0,0,0,0,2,0,0,0,0,1,0,0,0,1,4,0,0,0,0,0,0,0,0,0,0,0,0,0,0,5,0,0,0,0,0,0,0,0,0,0,0,0,0,0,0
10/04/2022 21:24:39,Clouds,overcast clouds,8.8,4.67,7.66,9.94,1008,47,10000,9.77,310,100,2,21,0.0,0.0,0,0,0,0,1,0,0,0,0,0,0,0,0,2,5,0,0,0,0,0,0,0,0,0,0,0,0,0,2,7,0,0,0,0,0,0,0,0,0,0,0,0,0,0,0
10/04/2022 21:29:39,Clouds,overcast clouds,8.8,4.67,7.66,9.94,1008,47,10000,9.77,310,100,2,21,0.0,0.0,0,0,0,0,0,0,0,0,0,0,0,0,0,0,5,0,0,0,0,0,0,0,0,0,0,0,0,0,1,5,0,0,0,0,0,0,0,0,0,0,0,0,0,0,0
10/04/2022 21:34:39,Clouds,overcast clouds,8.88,4.78,7.66,10.27,1008,47,10000,9.77,310,100,2,21,0.0,0.0,0,0,0,0,1,0,0,0,0,0,0,0,0,0,3,0,0,0,0,0,0,0,0,0,0,0,0,0,0,5,0,0,0,0,0,0,0,0,0,0,0,0,0,0,0
10/04/2022 21:39:39,Clouds,overcast clouds,8.92,4.83,7.7,10.31,1008,47,10000,9.77,310,100,2,21,0.0,0.0,0,0,0,0,0,0,0,0,0,0,0,0,1,2,5,0,0,0,0,0,0,0,0,0,0,0,0,0,1,5,0,0,0,0,0,0,0,0,0,0,0,0,0,0,0
10/04/2022 21:44:39,Clouds,overcast clouds,8.91,4.82,7.66,10.23,1008,47,10000,9.77,310,100,2,21,0.0,0.0,0,0,0,1,1,0,0,0,0,0,0,0,0,0,5,0,0,0,0,0,0,0,0,0,0,0,0,0,1,7,0,0,0,0,0,0,0,0,0,0,0,0,0,0,0
10/04/2022 21:49:39,Clouds,overcast clouds,8.91,4.82,7.66,10.23,1008,47,10000,9.77,310,100,2,21,0.0,0.0,0,0,0,0,0,0,0,0,0,0,0,0,0,0,2,0,0,0,0,0,0,0,0,0,0,0,0,0,1,3,0,0,0,0,0,0,0,0,0,0,0,0,0,0,0
10/04/2022 21:54:39,Clouds,overcast clouds,9.05,6.26,7.76,10.18,1008,47,10000,5.36,316,100,2,21,0.0,0.0,0,0,0,0,0,0,0,0,0,0,0,0,0,1,2,0,0,0,0,0,0,0,0,0,0,0,0,0,0,6,0,0,0,0,0,0,0,0,0,0,0,0,0,0,0
10/04/2022 21:59:39,Clouds,overcast clouds,9.05,6.26,7.76,10.18,1008,47,10000,5.36,316,100,2,21,0.0,0.0,0,0,0,0,1,0,0,0,0,0,0,0,0,1,2,0,0,0,0,0,0,0,0,0,0,0,0,0,2,3,0,0,0,0,0,0,0,0,0,0,0,0,0,0,0
10/04/2022 22:04:39,Clouds,overcast clouds,9.05,6.26,7.76,10.18,1008,47,10000,5.36,316,100,2,20,0.0,0.0,0,0,0,0,0,0,0,0,0,0,0,0,0,1,2,0,0,0,0,0,0,0,0,0,0,0,0,0,0,3,0,0,0,0,0,0,0,0,0,0,0,0,0,0,0
10/04/2022 22:09:39,Clouds,overcast clouds,9.02,5.05,7.7,10.26,1008,45,10000,9.39,310,100,2,20,0.0,0.0,0,0,0,0,0,0,0,0,0,0,0,0,0,0,3,0,0,0,0,0,0,0,0,0,0,0,0,0,1,3,0,0,0,0,0,0,0,0,0,0,0,0,0,0,0
10/04/2022 22:14:39,Clouds,overcast clouds,9.02,5.05,7.7,10.26,1008,45,10000,9.39,310,100,2,20,0.0,0.0,0,0,0,0,1,0,0,0,0,0,0,0,0,0,3,0,0,0,0,0,0,0,0,0,0,0,0,0,0,2,0,0,0,0,0,0,0,0,0,0,0,0,0,0,0
10/04/2022 22:19:39,Clouds,overcast clouds,9.06,5.39,7.6,10.46,1008,45,10000,8.23,310,100,2,20,0.0,0.0,0,0,0,0,0,0,0,0,0,0,0,0,1,1,7,0,0,0,0,0,0,0,0,0,0,0,0,1,1,11,0,0,0,0,0,0,0,0,0,0,0,0,0,0,0
10/04/2022 22:24:39,Clouds,overcast clouds,9.06,5.39,7.6,10.46,1008,45,10000,8.23,310,100,2,20,0.0,0.0,0,0,0,0,2,0,0,0,0,0,0,0,0,1,8,0,0,0,0,0,0,0,0,0,0,0,0,0,1,9,0,0,0,0,0,0,0,0,0,0,0,0,0,0,0
10/04/2022 22:29:39,Clouds,overcast clouds,9.03,5.35,7.76,10.26,1008,45,10000,8.23,310,100,2,20,0.0,0.0,0,0,0,0,1,0,0,0,0,0,0,0,0,0,3,0,0,0,0,0,0,0,0,0,0,0,0,0,1,4,0,0,0,0,0,0,0,0,0,0,0,0,0,0,0
10/04/2022 22:34:39,Clouds,overcast clouds,9.03,5.35,7.76,10.26,1008,45,10000,8.23,310,100,2,20,0.0,0.0,0,0,0,0,1,0,0,0,0,0,0,0,1,3,4,0,0,0,0,0,0,0,0,0,0,0,0,0,1,6,0,0,0,0,0,0,0,0,0,0,0,0,0,0,0
10/04/2022 22:39:39,Clouds,overcast clouds,9.03,5.35,7.76,10.26,1008,45,10000,8.23,310,100,2,20,0.0,0.0,0,0,0,0,3,0,0,0,0,0,0,0,0,1,6,0,0,0,0,0,0,0,0,0,0,0,0,0,0,9,0,0,0,0,0,0,0,0,0,0,0,0,0,0,0
10/04/2022 22:44:39,Clouds,overcast clouds,9.09,5.43,7.88,10.29,1008,45,10000,8.23,310,100,2,20,0.0,0.0,0,0,0,0,2,0,0,0,0,1,0,0,0,3,10,0,0,0,0,0,0,0,0,0,0,0,0,0,4,12,0,0,0,0,0,0,0,0,0,0,0,0,0,0,0
10/04/2022 22:49:39,Clouds,overcast clouds,9.09,5.43,7.88,10.29,1008,45,10000,8.23,310,100,2,20,0.0,0.0,0,0,0,0,0,0,0,0,0,0,0,0,0,0,3,0,0,0,0,0,0,0,0,0,0,0,0,0,3,7,0,0,0,0,0,0,0,0,0,0,0,0,0,0,0
10/04/2022 22:54:39,Clouds,overcast clouds,9.1,5.44,7.82,10.26,1008,45,10000,8.23,310,100,2,20,0.0,0.0,0,0,0,0,1,0,0,0,0,0,0,0,0,0,4,0,0,0,0,0,0,0,0,0,0,0,0,0,1,3,0,0,0,0,0,0,0,0,0,0,0,0,0,0,0
10/04/2022 22:59:39,Clouds,overcast clouds,9.1,5.44,7.82,10.26,1008,45,10000,8.23,310,100,2,20,0.0,0.0,0,0,0,0,0,0,0,0,0,0,0,0,0,0,3,0,0,0,0,0,0,0,0,0,0,0,0,0,0,5,0,0,0,0,0,0,0,0,0,0,0,0,0,0,0
10/04/2022 23:04:39,Clouds,overcast clouds,9.04,4.99,7.84,10.25,1007,46,10000,9.77,290,100,2,18,0.0,0.0,0,0,0,0,0,0,0,0,0,0,0,0,0,0,2,0,0,0,0,0,0,0,0,0,0,0,0,0,2,4,0,0,0,0,0,0,0,0,0,0,0,0,0,0,0
10/04/2022 23:09:39,Clouds,overcast clouds,9.04,4.99,7.84,10.25,1007,46,10000,9.77,290,100,2,18,0.0,0.0,0,0,0,0,4,0,0,0,0,0,0,0,0,0,7,0,0,0,0,0,0,0,0,0,0,0,0,0,1,6,0,0,0,0,0,0,0,0,0,0,0,0,0,0,0
10/04/2022 23:14:39,Clouds,overcast clouds,9.04,4.99,7.84,10.25,1007,46,10000,9.77,290,100,2,18,0.0,0.0,0,0,0,0,2,0,0,0,0,0,0,0,0,0,10,0,0,0,0,0,0,0,0,0,0,0,0,0,1,12,0,0,0,0,0,0,0,0,0,0,0,0,0,0,0
10/04/2022 23:19:39,Clouds,overcast clouds,9.07,5.03,8.1,10.3,1007,45,10000,9.77,290,100,2,18,0.0,0.0,0,0,0,0,0,0,0,0,0,0,0,0,0,0,2,0,0,0,0,0,0,0,0,0,0,0,0,0,1,5,0,0,0,0,0,0,0,0,0,0,0,0,0,0,0
10/04/2022 23:24:39,Clouds,overcast clouds,9.07,5.03,8.1,10.3,1007,45,10000,9.77,290,100,2,18,0.0,0.0,0,0,0,0,2,0,0,0,0,0,0,0,0,2,3,0,0,0,0,0,0,0,0,0,0,0,0,0,2,8,0,0,0,0,0,0,0,0,0,0,0,0,0,0,0
10/04/2022 23:29:39,Clouds,overcast clouds,9.09,5.06,8.1,10.12,1007,45,10000,9.77,290,100,2,18,0.0,0.0,0,0,0,0,0,0,0,0,0,0,0,0,0,1,4,0,0,0,0,0,0,0,0,0,0,0,0,0,0,9,0,0,0,0,0,0,0,0,0,0,0,0,0,0,0
10/04/2022 23:34:39,Clouds,overcast clouds,9.09,5.06,8.1,10.12,1007,45,10000,9.77,290,100,2,18,0.0,0.0,0,0,0,0,2,0,0,0,0,1,0,0,0,0,3,0,0,0,0,0,0,0,0,0,0,0,0,0,0,3,0,0,0,0,0,0,0,0,0,0,0,0,0,0,0
10/04/2022 23:39:39,Clouds,overcast clouds,9.09,5.06,8.1,10.12,1007,45,10000,9.77,290,100,2,18,0.0,0.0,0,0,0,0,2,0,0,0,0,0,0,0,0,1,4,0,0,0,0,0,0,0,0,0,0,0,0,0,0,4,0,0,0,0,0,0,0,0,0,0,0,0,0,0,0
10/04/2022 23:44:39,Clouds,overcast clouds,9.12,5.1,8.1,10.16,1007,45,10000,9.77,290,100,2,18,0.0,0.0,0,0,0,0,0,0,0,0,0,0,0,0,0,0,5,0,0,0,0,0,0,0,0,0,0,0,0,0,3,7,0,0,0,0,0,0,0,0,0,0,0,0,0,0,0
10/04/2022 23:49:39,Clouds,overcast clouds,9.12,5.1,8.1,10.16,1007,45,10000,9.77,290,100,2,18,0.0,0.0,0,0,0,0,2,0,0,0,0,0,0,0,0,1,8,0,0,0,0,0,0,0,0,0,0,0,0,0,1,9,0,0,0,0,0,0,0,0,0,0,0,0,0,0,0
10/04/2022 23:54:39,Clouds,overcast clouds,9.12,5.1,8.1,10.16,1007,45,10000,9.77,290,100,2,18,0.0,0.0,0,0,0,1,2,0,0,0,0,0,0,0,1,1,6,0,0,0,0,0,0,0,0,0,0,0,0,0,0,6,0,0,0,0,0,0,0,0,0,0,0,0,0,0,0
10/04/2022 23:59:39,Clouds,overcast clouds,9.2,5.29,7.8,10.25,1007,46,10000,9.39,290,100,2,18,0.0,0.0,0,0,0,0,4,0,0,0,0,0,0,0,0,2,7,0,0,0,0,0,0,0,0,0,0,0,0,0,4,9,0,0,0,0,0,0,0,0,0,0,0,0,0,0,0
11/04/2022 00:04:40,Clouds,overcast clouds,9.2,5.29,7.8,10.25,1007,46,10000,9.39,290,100,2,18,0.0,0.0,0,0,0,0,0,0,0,0,0,0,0,0,0,0,3,0,0,0,0,0,0,0,0,0,0,0,0,0,2,7,0,0,0,0,0,0,0,0,0,0,0,0,0,0,0
11/04/2022 00:09:40,Clouds,overcast clouds,9.2,5.29,7.8,10.25,1007,46,10000,9.39,290,100,2,18,0.0,0.0,0,0,0,0,1,0,0,0,0,0,0,0,0,1,5,0,0,0,0,0,0,0,0,0,0,0,0,0,5,8,0,0,0,0,0,0,0,0,0,0,0,0,0,0,0
11/04/2022 00:14:40,Drizzle,drizzle,9.14,5.12,7.8,10.25,1008,45,10000,9.77,300,100,2,18,0.0,0.0,0,0,0,0,0,0,0,0,0,0,0,0,0,1,7,0,0,0,0,0,0,0,0,0,0,0,0,0,3,10,0,0,0,0,0,0,0,0,0,0,0,0,0,0,0
11/04/2022 00:19:40,Drizzle,drizzle,9.14,5.12,7.8,10.25,1008,45,10000,9.77,300,100,2,18,0.0,0.0,0,0,0,0,0,0,0,0,0,0,0,0,1,2,3,0,0,0,0,0,0,0,0,0,0,0,0,0,2,5,0,0,0,0,0,0,0,0,0,0,0,0,0,0,0
11/04/2022 00:24:40,Drizzle,drizzle,9.25,5.27,7.83,10.45,1008,45,10000,9.77,300,100,2,18,0.0,0.0,0,0,0,0,4,0,0,0,0,0,0,0,0,2,7,0,0,0,0,0,0,0,0,0,0,0,0,0,2,10,0,0,0,0,0,0,0,0,0,0,0,0,0,0,0
11/04/2022 00:29:40,Drizzle,drizzle,9.25,5.27,7.83,10.45,1008,45,10000,9.77,300,100,2,18,0.0,0.0,0,0,0,1,3,0,0,0,0,0,0,0,2,2,7,0,0,0,0,0,0,0,0,0,0,0,0,0,1,6,0,0,0,0,0,0,0,0,0,0,0,0,0,0,0
11/04/2022 00:34:40,Drizzle,drizzle,9.25,5.27,7.83,10.45,1008,45,10000,9.77,300,100,2,18,0.0,0.0,0,0,0,0,1,0,0,0,0,0,0,0,0,1,1,0,0,0,0,0,0,0,0,0,0,0,0,0,0,3,0,0,0,0,0,0,0,0,0,0,0,0,0,0,0
11/04/2022 00:39:40,Drizzle,drizzle,9.28,5.31,7.85,10.45,1008,44,10000,9.77,300,100,2,18,0.0,0.0,0,0,0,0,2,0,0,0,0,0,0,0,0,1,7,0,0,0,0,0,0,0,0,0,0,0,0,1,4,8,0,0,0,0,0,0,0,0,0,0,0,0,0,0,0
11/04/2022 00:44:40,Drizzle,drizzle,9.28,5.31,7.85,10.45,1008,44,10000,9.77,300,100,2,18,0.0,0.0,0,0,0,0,1,0,0,0,0,0,0,0,0,2,4,0,0,0,0,0,0,0,0,0,0,0,0,0,2,7,0,0,0,0,0,0,0,0,0,0,0,0,0,0,0
11/04/2022 00:49:40,Drizzle,drizzle,9.28,5.31,7.85,10.45,1008,44,10000,9.77,300,100,2,18,0.0,0.0,0,0,0,0,2,0,0,0,0,0,0,0,0,1,2,0,0,0,0,0,0,0,0,0,0,0,0,0,0,5,0,0,0,0,0,0,0,0,0,0,0,0,0,0,0
11/04/2022 00:54:40,Clouds,overcast clouds,9.08,5.13,7.66,10.11,1008,46,10000,9.39,300,100,2,18,0.0,0.0,0,0,0,0,3,0,0,0,0,0,0,0,0,4,6,0,0,0,0,0,0,0,0,0,0,0,0,0,1,7,0,0,0,0,0,0,0,0,0,0,0,0,0,0,0
11/04/2022 00:59:40,Clouds,overcast clouds,9.08,5.13,7.66,10.11,1008,46,10000,9.39,300,100,2,18,0.0,0.0,0,0,0,0,0,0,0,0,0,0,0,0,0,1,3,0,0,0,0,0,0,0,0,0,0,0,0,0,0,4,0,0,0,0,0,0,0,0,0,0,0,0,0,0,0
11/04/2022 01:04:40,Clouds,overcast clouds,9.08,5.13,7.66,10.11,1008,46,10000,9.39,300,100,2,18,0.0,0.0,0,0,0,0,3,0,0,0,0,0,0,0,0,1,5,0,0,0,0,0,0,0,0,0,0,0,0,0,1,4,0,0,0,0,0,0,0,0,0,0,0,0,0,0,0
11/04/2022 01:09:40,Clouds,overcast clouds,9.07,5.03,7.58,10.51,1008,45,10000,9.77,310,100,2,19,0.0,0.0,0,0,0,0,1,0,0,0,0,0,0,0,0,0,5,0,0,0,0,0,0,0,0,0,0,0,0,0,2,7,0,0,0,0,0,0,0,0,0,0,0,0,0,0,0
11/04/2022 01:14:40,Clouds,overcast clouds,9.07,5.03,7.58,10.51,1008,45,10000,9.77,310,100,2,19,0.0,0.0,0,0,1,1,1,0,0,0,0,0,0,0,0,1,8,0,0,0,0,0,0,0,0,0,0,0,0,0,1,5,0,0,0,0,0,0,0,0,0,0,0,0,0,0,0
11/04/2022 01:19:40,Clouds,overcast clouds,8.97,4.9,7.55,10.44,1008,45,10000,9.77,310,100,2,19,0.0,0.0,0,0,0,0,0,0,0,0,0,0,0,0,0,0,1,0,0,0,0,0,0,0,0,0,0,0,0,0,1,5,0,0,0,0,0,0,0,0,0,0,0,0,0,0,0
11/04/2022 01:24:40,Clouds,overcast clouds,8.97,4.9,7.55,10.44,1008,45,10000,9.77,310,100,2,19,0.0,0.0,0,0,0,0,0,0,0,0,0,0,0,0,0,1,6,0,0,0,0,0,0,0,0,0,0,0,0,0,0,6,0,0,0,0,0,0,0,0,0,0,0,0,0,0,0
11/04/2022 01:29:40,Clouds,overcast clouds,8.97,4.9,7.55,10.44,1008,45,10000,9.77,310,100,2,19,0.0,0.0,0,0,0,0,0,0,0,0,0,0,0,0,1,1,1,0,0,0,0,0,0,0,0,0,0,0,0,0,1,1,0,0,0,0,0,0,0,0,0,0,0,0,0,0,0
11/04/2022 01:34:40,Clouds,overcast clouds,8.91,4.82,7.66,10.23,1008,45,10000,9.77,310,100,2,19,0.0,0.0,0,0,0,0,1,0,0,0,0,0,0,0,0,0,2,0,0,0,0,0,0,0,0,0,0,0,0,0,1,3,0,0,0,0,0,0,0,0,0,0,0,0,0,0,0
11/04/2022 01:39:40,Clouds,overcast clouds,8.91,4.82,7.66,10.23,1008,45,10000,9.77,310,100,2,19,0.0,0.0,0,0,0,0,1,0,0,0,0,0,0,0,0,0,6,0,0,0,0,0,0,0,0,0,0,0,0,0,1,5,0,0,0,0,0,0,0,0,0,0,0,0,0,0,0
11/04/2022 01:44:40,Clouds,overcast clouds,8.91,4.82,7.66,10.23,1008,45,10000,9.77,310,100,2,19,0.0,0.0,0,0,0,0,3,0,0,0,0,0,0,0,0,1,7,0,0,0,0,0,0,0,0,0,0,0,0,0,0,9,0,0,0,0,0,0,0,0,0,0,0,0,0,0,0
11/04/2022 01:49:40,Clouds,overcast clouds,8.76,4.62,7.32,10.23,1008,46,10000,9.77,310,100,2,19,0.0,0.0,0,0,0,0,2,0,0,0,0,0,0,0,0,1,6,0,0,0,0,0,0,0,0,0,0,0,0,0,0,2,0,0,0,0,0,0,0,0,0,0,0,0,0,0,0
11/04/2022 01:54:40,Clouds,overcast clouds,8.76,4.62,7.32,10.23,1008,46,10000,9.77,310,100,2,19,0.0,0.0,0,0,0,0,0,0,0,0,0,0,0,0,0,0,1,0,0,0,0,0,0,0,0,0,0,0,0,0,0,2,0,0,0,0,0,0,0,0,0,0,0,0,0,0,0
11/04/2022 01:59:40,Clouds,overcast clouds,8.74,4.68,7.6,9.9,1009,47,10000,9.39,310,96,2,19,0.0,0.0,0,0,0,1,2,0,0,0,0,0,0,0,0,4,10,0,0,0,0,0,0,0,0,0,0,0,0,0,2,7,0,0,0,0,0,0,0,0,0,0,0,0,0,0,0
11/04/2022 02:04:40,Clouds,overcast clouds,8.74,4.68,7.6,9.9,1009,47,10000,9.39,310,96,2,17,0.0,0.0,0,0,0,0,0,0,0,0,0,0,0,0,0,1,2,0,0,0,0,0,0,0,0,0,0,0,0,0,1,3,0,0,0,0,0,0,0,0,0,0,0,0,0,0,0
11/04/2022 02:09:40,Clouds,overcast clouds,8.67,4.39,7.55,9.74,1009,47,10000,10.29,320,100,2,17,0.0,0.0,0,0,0,0,0,0,0,0,0,0,0,0,0,0,2,0,0,0,0,0,0,0,0,0,0,0,0,1,1,5,0,0,0,0,0,0,0,0,0,0,0,0,0,0,0
11/04/2022 02:14:40,Clouds,overcast clouds,8.67,4.39,7.55,9.74,1009,47,10000,10.29,320,100,2,17,0.0,0.0,0,0,0,0,0,0,0,0,0,0,0,0,0,1,4,0,0,0,0,0,0,0,0,0,0,0,0,0,0,6,0,0,0,0,0,0,0,0,0,0,0,0,0,0,0
11/04/2022 02:19:40,Clouds,overcast clouds,8.67,4.39,7.55,9.74,1009,47,10000,10.29,320,100,2,17,0.0,0.0,0,0,0,0,1,0,0,0,0,0,0,0,0,1,4,0,0,0,0,0,0,0,0,0,0,0,0,0,0,4,0,0,0,0,0,0,0,0,0,0,0,0,0,0,0
11/04/2022 02:24:40,Clouds,overcast clouds,8.62,4.32,7.55,9.51,1009,46,10000,10.29,320,100,2,17,0.0,0.0,0,0,0,0,2,0,0,0,0,0,0,0,0,0,3,0,0,0,0,0,0,0,0,0,0,0,0,0,0,4,0,0,0,0,0,0,0,0,0,0,0,0,0,0,0
11/04/2022 02:29:40,Clouds,overcast clouds,8.59,4.28,7.52,9.48,1009,46,10000,10.29,320,100,2,17,0.0,0.0,0,0,0,0,3,0,0,0,0,0,0,0,0,0,7,0,0,0,0,0,0,0,0,0,0,0,0,0,0,6,0,0,0,0,0,0,0,0,0,0,0,0,0,0,0
11/04/2022 02:34:40,Clouds,overcast clouds,8.59,4.28,7.52,9.48,1009,46,10000,10.29,320,100,2,16,0.0,0.0,0,0,0,0,0,0,0,0,0,0,0,0,0,0,2,0,0,0,0,0,0,0,0,0,0,0,0,0,0,1,0,0,0,0,0,0,0,0,0,0,0,0,0,0,0
11/04/2022 02:39:40,Clouds,overcast clouds,8.59,4.28,7.52,9.48,1009,46,10000,10.29,320,100,2,16,0.0,0.0,0,0,0,0,1,0,0,0,0,1,0,0,0,1,3,0,0,0,0,0,0,0,0,0,0,0,0,0,1,6,0,0,0,0,0,0,0,0,0,0,0,0,0,0,0
11/04/2022 08:11:28,Clear,clear sky,6.33,2.32,4.6,7.26,1015,49,10000,6.71,310,0,2,7,0.0,0.0,0,0,0,0,0,0,0,0,0,0,0,0,1,2,2,0,0,0,0,0,0,0,0,0,0,0,0,0,1,2,0,0,0,0,1,0,0,0,0,0,0,0,0,0,0
11/04/2022 08:16:28,Clear,clear sky,6.33,2.32,4.6,7.26,1015,49,10000,6.71,310,0,2,7,0.0,0.0,0,0,0,0,0,0,0,0,0,0,0,0,1,2,2,0,0,0,0,0,0,0,0,0,0,0,0,0,1,2,0,0,0,0,1,0,0,0,0,0,0,0,0,0,0
11/04/2022 08:21:28,Clear,clear sky,6.33,2.32,4.6,7.26,1015,49,10000,6.71,310,0,2,7,0.0,0.0,0,0,0,0,0,0,0,0,0,0,0,0,1,2,2,0,0,0,0,0,0,0,0,0,0,0,0,0,1,2,0,0,0,0,1,0,0,0,0,0,0,0,0,0,0
11/04/2022 08:26:28,Clear,clear sky,6.19,2.14,4.53,7.26,1015,49,10000,6.71,310,0,2,7,0.0,0.0,0,0,0,0,0,0,0,0,0,0,0,0,1,2,2,0,0,0,0,0,0,0,0,0,0,0,0,0,1,2,0,0,0,0,1,0,0,0,0,0,0,0,0,0,0
11/04/2022 08:31:28,Clear,clear sky,6.04,1.95,4.34,7.13,1015,49,10000,6.71,310,0,2,7,0.0,0.0,0,0,0,0,0,0,0,0,0,0,0,0,1,2,2,0,0,0,0,0,0,0,0,0,0,0,0,0,1,2,0,0,0,0,1,0,0,0,0,0,0,0,0,0,0
11/04/2022 08:36:28,Clear,clear sky,6.04,1.95,4.34,7.13,1015,49,10000,6.71,310,0,2,7,0.0,0.0,0,0,0,0,0,0,0,0,0,0,0,0,1,2,2,0,0,0,0,0,0,0,0,0,0,0,0,0,1,2,0,0,0,0,1,0,0,0,0,0,0,0,0,0,0
11/04/2022 08:41:28,Clear,clear sky,6.04,1.95,4.34,7.13,1015,49,10000,6.71,310,0,2,7,0.0,0.0,0,0,0,0,0,0,0,0,0,0,0,0,1,2,2,0,0,0,0,0,0,0,0,0,0,0,0,0,1,2,0,0,0,0,1,0,0,0,0,0,0,0,0,0,0
11/04/2022 08:46:28,Clear,clear sky,5.97,1.86,4.4,7.11,1016,50,10000,6.71,310,0,2,7,0.0,0.0,0,0,0,0,0,0,0,0,0,0,0,0,1,2,2,0,0,0,0,0,0,0,0,0,0,0,0,0,1,2,0,0,0,0,1,0,0,0,0,0,0,0,0,0,0
11/04/2022 08:51:28,Clear,clear sky,5.97,1.86,4.4,7.11,1016,50,10000,6.71,310,0,2,7,0.0,0.0,0,0,0,0,0,0,0,0,0,0,0,0,1,2,2,0,0,0,0,0,0,0,0,0,0,0,0,0,1,2,0,0,0,0,1,0,0,0,0,0,0,0,0,0,0
11/04/2022 08:56:28,Clear,clear sky,5.97,1.86,4.4,7.11,1016,50,10000,6.71,310,0,2,7,0.0,0.0,0,0,0,0,0,0,0,0,0,0,0,0,1,2,2,0,0,0,0,0,0,0,0,0,0,0,0,0,1,2,0,0,0,0,1,0,0,0,0,0,0,0,0,0,0
11/04/2022 09:01:28,Clear,clear sky,5.8,1.47,4.25,6.88,1016,51,10000,7.2,310,0,2,7,0.0,0.0,0,0,0,0,0,0,0,0,0,0,0,0,1,2,2,0,0,0,0,0,0,0,0,0,0,0,0,0,1,2,0,0,0,0,1,0,0,0,0,0,0,0,0,0,0
11/04/2022 09:06:28,Clear,clear sky,5.8,1.47,4.25,6.88,1016,51,10000,7.2,310,0,2,7,0.0,0.0,0,0,0,0,0,0,0,0,0,0,0,0,1,2,2,0,0,0,0,0,0,0,0,0,0,0,0,0,1,2,0,0,0,0,1,0,0,0,0,0,0,0,0,0,0
11/04/2022 09:11:28,Clear,clear sky,5.8,1.47,4.25,6.88,1016,51,10000,7.2,310,0,2,7,0.0,0.0,0,0,0,0,0,0,0,0,0,0,0,0,1,2,2,0,0,0,0,0,0,0,0,0,0,0,0,0,1,2,0,0,0,0,1,0,0,0,0,0,0,0,0,0,0
11/04/2022 09:16:28,Clear,clear sky,5.62,1.26,4.09,6.71,1016,52,10000,7.15,310,0,2,7,0.0,0.0,0,0,0,0,0,0,0,0,0,0,0,0,1,2,2,0,0,0,0,0,0,0,0,0,0,0,0,0,1,2,0,0,0,0,1,0,0,0,0,0,0,0,0,0,0
11/04/2022 09:21:28,Clear,clear sky,5.62,1.26,4.09,6.71,1016,52,10000,7.15,310,0,2,7,0.0,0.0,0,0,0,0,0,0,0,0,0,0,0,0,1,2,2,0,0,0,0,0,0,0,0,0,0,0,0,0,1,2,0,0,0,0,1,0,0,0,0,0,0,0,0,0,0
11/04/2022 09:26:28,Clear,clear sky,5.62,1.26,4.09,6.71,1016,52,10000,7.15,310,0,2,7,0.0,0.0,0,0,0,0,0,0,0,0,0,0,0,0,1,2,2,0,0,0,0,0,0,0,0,0,0,0,0,0,1,2,0,0,0,0,1,0,0,0,0,0,0,0,0,0,0
11/04/2022 09:31:28,Clear,clear sky,5.5,1.1,3.88,6.71,1016,52,10000,7.15,310,0,2,7,0.0,0.0,0,0,0,0,0,0,0,0,0,0,0,0,1,2,2,0,0,0,0,0,0,0,0,0,0,0,0,0,1,2,0,0,0,0,1,0,0,0,0,0,0,0,0,0,0
11/04/2022 09:36:28,Clear,clear sky,5.5,1.1,3.88,6.71,1016,52,10000,7.15,310,0,2,7,0.0,0.0,0,0,0,0,0,0,0,0,0,0,0,0,1,2,2,0,0,0,0,0,0,0,0,0,0,0,0,0,1,2,0,0,0,0,1,0,0,0,0,0,0,0,0,0,0
11/04/2022 09:41:28,Clear,clear sky,5.5,1.1,3.88,6.71,1016,52,10000,7.15,310,0,2,7,0.0,0.0,0,0,0,0,0,0,0,0,0,0,0,0,1,2,2,0,0,0,0,0,0,0,0,0,0,0,0,0,1,2,0,0,0,0,1,0,0,0,0,0,0,0,0,0,0
11/04/2022 09:46:28,Clear,clear sky,5.34,0.9,3.71,6.58,1016,53,10000,7.15,310,0,2,7,0.0,0.0,0,0,0,0,0,0,0,0,0,0,0,0,1,2,2,0,0,0,0,0,0,0,0,0,0,0,0,0,1,2,0,0,0,0,1,0,0,0,0,0,0,0,0,0,0
11/04/2022 09:51:28,Clear,clear sky,5.34,0.9,3.71,6.58,1016,53,10000,7.15,310,0,2,7,0.0,0.0,0,0,0,0,0,0,0,0,0,0,0,0,1,2,2,0,0,0,0,0,0,0,0,0,0,0,0,0,1,2,0,0,0,0,1,0,0,0,0,0,0,0,0,0,0
11/04/2022 09:56:28,Clear,clear sky,5.34,0.9,3.71,6.58,1016,53,10000,7.15,310,0,2,7,0.0,0.0,0,0,0,0,0,0,0,0,0,0,0,0,1,2,2,0,0,0,0,0,0,0,0,0,0,0,0,0,1,2,0,0,0,0,1,0,0,0,0,0,0,0,0,0,0
11/04/2022 10:01:28,Clear,clear sky,5.19,1.28,3.52,6.15,1016,54,10000,5.66,310,0,2,7,0.0,0.0,0,0,0,0,0,0,0,0,0,0,0,0,1,2,2,0,0,0,0,0,0,0,0,0,0,0,0,0,1,2,0,0,0,0,1,0,0,0,0,0,0,0,0,0,0
11/04/2022 10:06:28,Clear,clear sky,5.19,1.28,3.52,6.15,1016,54,10000,5.66,310,0,2,7,0.0,0.0,0,0,0,0,0,0,0,0,0,0,0,0,1,2,2,0,0,0,0,0,0,0,0,0,0,0,0,0,1,2,0,0,0,0,1,0,0,0,0,0,0,0,0,0,0
11/04/2022 10:11:28,Clear,clear sky,5.19,1.28,3.52,6.15,1016,54,10000,5.66,310,0,2,6,0.0,0.0,0,0,0,0,0,0,0,0,0,0,0,0,1,2,2,0,0,0,0,0,0,0,0,0,0,0,0,0,1,2,0,0,0,0,1,0,0,0,0,0,0,0,0,0,0
11/04/2022 10:16:28,Clear,clear sky,5.2,1.29,3.52,6.23,1016,54,10000,5.66,310,0,2,7,0.0,0.0,0,0,0,0,0,0,0,0,0,0,0,0,1,2,2,0,0,0,0,0,0,0,0,0,0,0,0,0,1,2,0,0,0,0,1,0,0,0,0,0,0,0,0,0,0
11/04/2022 10:21:28,Clear,clear sky,5.2,1.29,3.52,6.23,1016,54,10000,5.66,310,0,2,7,0.0,0.0,0,0,0,0,0,0,0,0,0,0,0,0,1,2,2,0,0,0,0,0,0,0,0,0,0,0,0,0,1,2,0,0,0,0,1,0,0,0,0,0,0,0,0,0,0
11/04/2022 10:26:28,Clear,clear sky,5.17,1.25,3.32,6.23,1016,54,10000,5.66,310,0,2,7,0.0,0.0,0,0,0,0,0,0,0,0,0,0,0,0,1,2,2,0,0,0,0,0,0,0,0,0,0,0,0,0,1,2,0,0,0,0,1,0,0,0,0,0,0,0,0,0,0
11/04/2022 10:31:28,Clear,clear sky,5.17,1.25,3.32,6.23,1016,54,10000,5.66,310,0,2,7,0.0,0.0,0,0,0,0,0,0,0,0,0,0,0,0,1,2,2,0,0,0,0,0,0,0,0,0,0,0,0,0,1,2,0,0,0,0,1,0,0,0,0,0,0,0,0,0,0
11/04/2022 10:36:28,Clear,clear sky,5.17,1.25,3.32,6.23,1016,54,10000,5.66,310,0,2,7,0.0,0.0,0,0,0,0,0,0,0,0,0,0,0,0,1,2,2,0,0,0,0,0,0,0,0,0,0,0,0,0,1,2,0,0,0,0,1,0,0,0,0,0,0,0,0,0,0
11/04/2022 10:41:28,Clear,clear sky,5.17,1.25,3.55,6.23,1016,54,10000,5.66,310,0,2,7,0.0,0.0,0,0,0,0,0,0,0,0,0,0,0,0,1,2,2,0,0,0,0,0,0,0,0,0,0,0,0,0,1,2,0,0,0,0,1,0,0,0,0,0,0,0,0,0,0
11/04/2022 10:46:28,Clear,clear sky,5.17,1.25,3.55,6.23,1016,54,10000,5.66,310,0,2,7,0.0,0.0,0,0,0,0,0,0,0,0,0,0,0,0,1,2,2,0,0,0,0,0,0,0,0,0,0,0,0,0,1,2,0,0,0,0,1,0,0,0,0,0,0,0,0,0,0
11/04/2022 10:51:28,Clear,clear sky,5.17,1.25,3.55,6.23,1016,54,10000,5.66,310,0,2,7,0.0,0.0,0,0,0,0,0,0,0,0,0,0,0,0,1,2,2,0,0,0,0,0,0,0,0,0,0,0,0,0,1,2,0,0,0,0,1,0,0,0,0,0,0,0,0,0,0
11/04/2022 10:56:28,Clear,clear sky,4.99,1.16,3.08,6.03,1016,56,10000,5.36,310,0,2,7,0.0,0.0,0,0,0,0,0,0,0,0,0,0,0,0,1,2,2,0,0,0,0,0,0,0,0,0,0,0,0,0,1,2,0,0,0,0,1,0,0,0,0,0,0,0,0,0,0
11/04/2022 11:01:28,Clear,clear sky,4.99,1.16,3.08,6.03,1016,56,10000,5.36,310,0,2,7,0.0,0.0,0,0,0,0,0,0,0,0,0,0,0,0,1,2,2,0,0,0,0,0,0,0,0,0,0,0,0,0,1,2,0,0,0,0,1,0,0,0,0,0,0,0,0,0,0
11/04/2022 11:06:28,Clear,clear sky,4.99,1.16,3.08,6.03,1016,56,10000,5.36,310,0,2,7,0.0,0.0,0,0,0,0,0,0,0,0,0,0,0,0,1,2,2,0,0,0,0,0,0,0,0,0,0,0,0,0,1,2,0,0,0,0,1,0,0,0,0,0,0,0,0,0,0
11/04/2022 11:11:28,Clear,clear sky,5.05,1.1,3.11,6.18,1016,56,10000,5.66,300,0,2,7,0.0,0.0,0,0,0,0,0,0,0,0,0,0,0,0,1,2,2,0,0,0,0,0,0,0,0,0,0,0,0,0,1,2,0,0,0,0,1,0,0,0,0,0,0,0,0,0,0
11/04/2022 11:16:28,Clear,clear sky,5.05,1.1,3.11,6.18,1016,56,10000,5.66,300,0,2,7,0.0,0.0,0,0,0,0,0,0,0,0,0,0,0,0,1,2,2,0,0,0,0,0,0,0,0,0,0,0,0,0,1,2,0,0,0,0,1,0,0,0,0,0,0,0,0,0,0
11/04/2022 11:21:28,Clear,clear sky,4.92,0.94,3.04,6.15,1016,56,10000,5.66,300,0,2,7,0.0,0.0,0,0,0,0,0,0,0,0,0,0,0,0,1,2,2,0,0,0,0,0,0,0,0,0,0,0,0,0,1,2,0,0,0,0,1,0,0,0,0,0,0,0,0,0,0
11/04/2022 11:26:28,Clear,clear sky,4.92,0.94,3.04,6.15,1016,56,10000,5.66,300,0,2,7,0.0,0.0,0,0,0,0,0,0,0,0,0,0,0,0,1,2,2,0,0,0,0,0,0,0,0,0,0,0,0,0,1,2,0,0,0,0,1,0,0,0,0,0,0,0,0,0,0
11/04/2022 11:31:28,Clear,clear sky,4.85,0.85,3.04,6.1,1016,56,10000,5.66,300,0,2,7,0.0,0.0,0,0,0,0,0,0,0,0,0,0,0,0,1,2,2,0,0,0,0,0,0,0,0,0,0,0,0,0,1,2,0,0,0,0,1,0,0,0,0,0,0,0,0,0,0
11/04/2022 11:36:28,Clear,clear sky,4.85,0.85,3.04,6.1,1016,56,10000,5.66,300,0,2,7,0.0,0.0,0,0,0,0,0,0,0,0,0,0,0,0,1,2,2,0,0,0,0,0,0,0,0,0,0,0,0,0,1,2,0,0,0,0,1,0,0,0,0,0,0,0,0,0,0
11/04/2022 11:41:28,Clear,clear sky,4.85,0.85,3.04,6.1,1016,56,10000,5.66,300,0,2,7,0.0,0.0,0,0,0,0,0,0,0,0,0,0,0,0,1,2,2,0,0,0,0,0,0,0,0,0,0,0,0,0,1,2,0,0,0,0,1,0,0,0,0,0,0,0,0,0,0
11/04/2022 11:46:28,Clear,clear sky,4.83,0.82,2.8,6.17,1017,57,10000,5.66,300,0,2,7,0.0,0.0,0,0,0,0,0,0,0,0,0,0,0,0,1,2,2,0,0,0,0,0,0,0,0,0,0,0,0,0,1,2,0,0,0,0,1,0,0,0,0,0,0,0,0,0,0
11/04/2022 11:51:28,Clear,clear sky,4.83,0.82,2.8,6.17,1017,57,10000,5.66,300,0,2,7,0.0,0.0,0,0,0,0,0,0,0,0,0,0,0,0,1,2,2,0,0,0,0,0,0,0,0,0,0,0,0,0,1,2,0,0,0,0,1,0,0,0,0,0,0,0,0,0,0
11/04/2022 11:56:28,Clear,clear sky,4.83,0.82,2.8,6.17,1017,57,10000,5.66,300,0,2,7,0.0,0.0,0,0,0,0,0,0,0,0,0,0,0,0,1,2,2,0,0,0,0,0,0,0,0,0,0,0,0,0,1,2,0,0,0,0,1,0,0,0,0,0,0,0,0,0,0
11/04/2022 12:01:28,Clear,clear sky,4.6,0.67,2.55,5.88,1017,58,10000,5.36,300,0,2,7,0.0,0.0,0,0,0,0,0,0,0,0,0,0,0,0,1,2,2,0,0,0,0,0,0,0,0,0,0,0,0,0,1,2,0,0,0,0,1,0,0,0,0,0,0,0,0,0,0
11/04/2022 12:06:28,Clear,clear sky,4.6,0.67,2.55,5.88,1017,58,10000,5.36,300,0,2,7,0.0,0.0,0,0,0,0,0,0,0,0,0,0,0,0,1,2,2,0,0,0,0,0,0,0,0,0,0,0,0,0,1,2,0,0,0,0,1,0,0,0,0,0,0,0,0,0,0
11/04/2022 12:11:28,Clear,clear sky,4.6,0.67,2.55,5.88,1017,58,10000,5.36,300,0,2,7,0.0,0.0,0,0,0,0,0,0,0,0,0,0,0,0,1,2,2,0,0,0,0,0,0,0,0,0,0,0,0,0,1,2,0,0,0,0,1,0,0,0,0,0,0,0,0,0,0
11/04/2022 12:16:28,Clear,clear sky,4.58,0.51,2.34,5.88,1017,58,10000,5.66,300,0,2,7,0.0,0.0,0,0,0,0,0,0,0,0,0,0,0,0,1,2,2,0,0,0,0,0,0,0,0,0,0,0,0,0,1,2,0,0,0,0,1,0,0,0,0,0,0,0,0,0,0
11/04/2022 12:21:28,Clear,clear sky,4.58,0.51,2.34,5.88,1017,58,10000,5.66,300,0,2,7,0.0,0.0,0,0,0,0,0,0,0,0,0,0,0,0,1,2,2,0,0,0,0,0,0,0,0,0,0,0,0,0,1,2,0,0,0,0,1,0,0,0,0,0,0,0,0,0,0
11/04/2022 12:26:28,Clear,clear sky,4.58,0.51,2.34,5.88,1017,58,10000,5.66,300,0,2,7,0.0,0.0,0,0,0,0,0,0,0,0,0,0,0,0,1,2,2,0,0,0,0,0,0,0,0,0,0,0,0,0,1,2,0,0,0,0,1,0,0,0,0,0,0,0,0,0,0
11/04/2022 12:31:28,Clear,clear sky,4.58,0.51,2.34,5.88,1017,58,10000,5.66,300,0,2,7,0.0,0.0,0,0,0,0,0,0,0,0,0,0,0,0,1,2,2,0,0,0,0,0,0,0,0,0,0,0,0,0,1,2,0,0,0,0,1,0,0,0,0,0,0,0,0,0,0
11/04/2022 12:36:28,Clear,clear sky,4.54,0.46,2.16,5.92,1017,58,10000,5.66,300,0,2,7,0.0,0.0,0,0,0,0,0,0,0,0,0,0,0,0,1,2,2,0,0,0,0,0,0,0,0,0,0,0,0,0,1,2,0,0,0,0,1,0,0,0,0,0,0,0,0,0,0
11/04/2022 12:41:28,Clear,clear sky,4.54,0.46,2.16,5.92,1017,58,10000,5.66,300,0,2,7,0.0,0.0,0,0,0,0,0,0,0,0,0,0,0,0,1,2,2,0,0,0,0,0,0,0,0,0,0,0,0,0,1,2,0,0,0,0,1,0,0,0,0,0,0,0,0,0,0
11/04/2022 12:46:28,Clear,clear sky,4.58,0.51,2.12,6,1017,58,10000,5.66,300,0,2,7,0.0,0.0,0,0,0,0,0,0,0,0,0,0,0,0,1,2,2,0,0,0,0,0,0,0,0,0,0,0,0,0,1,2,0,0,0,0,1,0,0,0,0,0,0,0,0,0,0
11/04/2022 12:51:28,Clear,clear sky,4.58,0.51,2.12,6,1017,58,10000,5.66,300,0,2,7,0.0,0.0,0,0,0,0,0,0,0,0,0,0,0,0,1,2,2,0,0,0,0,0,0,0,0,0,0,0,0,0,1,2,0,0,0,0,1,0,0,0,0,0,0,0,0,0,0
11/04/2022 12:56:28,Clear,clear sky,4.58,0.51,2.12,6,1017,58,10000,5.66,300,0,2,7,0.0,0.0,0,0,0,0,0,0,0,0,0,0,0,0,1,2,2,0,0,0,0,0,0,0,0,0,0,0,0,0,1,2,0,0,0,0,1,0,0,0,0,0,0,0,0,0,0
11/04/2022 13:01:28,Clear,clear sky,4.51,0.66,2.12,5.88,1018,59,10000,5.14,300,0,2,7,0.0,0.0,0,0,0,0,0,0,0,0,0,0,0,0,1,2,2,0,0,0,0,0,0,0,0,0,0,0,0,0,1,2,0,0,0,0,1,0,0,0,0,0,0,0,0,0,0
11/04/2022 13:06:28,Clear,clear sky,4.51,0.66,2.12,5.88,1018,59,10000,5.14,300,0,2,8,0.0,0.0,0,0,0,0,0,0,0,0,0,0,0,0,1,2,2,0,0,0,0,0,0,0,0,0,0,0,0,0,1,2,0,0,0,0,1,0,0,0,0,0,0,0,0,0,0
11/04/2022 13:11:28,Clear,clear sky,4.51,0.66,2.12,5.88,1018,59,10000,5.14,300,0,2,8,0.0,0.0,0,0,0,0,0,0,0,0,0,0,0,0,1,2,2,0,0,0,0,0,0,0,0,0,0,0,0,0,1,2,0,0,0,0,1,0,0,0,0,0,0,0,0,0,0
11/04/2022 13:16:28,Clear,clear sky,4.51,0.2,1.77,5.88,1018,58,10000,6.17,310,0,2,8,0.0,0.0,0,0,0,0,0,0,0,0,0,0,0,0,1,2,2,0,0,0,0,0,0,0,0,0,0,0,0,0,1,2,0,0,0,0,1,0,0,0,0,0,0,0,0,0,0
11/04/2022 13:21:28,Clear,clear sky,4.49,0.18,1.68,6,1018,58,10000,6.17,310,0,2,8,0.0,0.0,0,0,0,0,0,0,0,0,0,0,0,0,1,2,2,0,0,0,0,0,0,0,0,0,0,0,0,0,1,2,0,0,0,0,1,0,0,0,0,0,0,0,0,0,0
11/04/2022 13:26:28,Clear,clear sky,4.49,0.18,1.68,6,1018,58,10000,6.17,310,0,2,8,0.0,0.0,0,0,0,0,0,0,0,0,0,0,0,0,1,2,2,0,0,0,0,0,0,0,0,0,0,0,0,0,1,2,0,0,0,0,1,0,0,0,0,0,0,0,0,0,0
11/04/2022 13:31:28,Clear,clear sky,4.49,0.18,1.68,6,1018,58,10000,6.17,310,0,2,8,0.0,0.0,0,0,0,0,0,0,0,0,0,0,0,0,1,2,2,0,0,0,0,0,0,0,0,0,0,0,0,0,1,2,0,0,0,0,1,0,0,0,0,0,0,0,0,0,0
11/04/2022 13:36:28,Clear,clear sky,4.33,-0.03,1.68,5.88,1018,59,10000,6.17,310,0,2,8,0.0,0.0,0,0,0,0,0,0,0,0,0,0,0,0,1,2,2,0,0,0,0,0,0,0,0,0,0,0,0,0,1,2,0,0,0,0,1,0,0,0,0,0,0,0,0,0,0
11/04/2022 13:41:28,Clear,clear sky,4.33,-0.03,1.68,5.88,1018,59,10000,6.17,310,0,2,8,0.0,0.0,0,0,0,0,0,0,0,0,0,0,0,0,1,2,2,0,0,0,0,0,0,0,0,0,0,0,0,0,1,2,0,0,0,0,1,0,0,0,0,0,0,0,0,0,0
11/04/2022 13:46:28,Clear,clear sky,4.33,-0.03,1.68,5.88,1018,59,10000,6.17,310,0,2,8,0.0,0.0,0,0,0,0,0,0,0,0,0,0,0,0,1,2,2,0,0,0,0,0,0,0,0,0,0,0,0,0,1,2,0,0,0,0,1,0,0,0,0,0,0,0,0,0,0
11/04/2022 13:51:28,Clear,clear sky,4.17,0.34,1.22,5.6,1019,60,10000,4.92,300,0,2,8,0.0,0.0,0,0,0,0,0,0,0,0,0,0,0,0,1,2,2,0,0,0,0,0,0,0,0,0,0,0,0,0,1,2,0,0,0,0,1,0,0,0,0,0,0,0,0,0,0
11/04/2022 13:56:28,Clear,clear sky,4.17,0.34,1.22,5.6,1019,60,10000,4.92,300,0,2,8,0.0,0.0,0,0,0,0,0,0,0,0,0,0,0,0,1,2,2,0,0,0,0,0,0,0,0,0,0,0,0,0,1,2,0,0,0,0,1,0,0,0,0,0,0,0,0,0,0
11/04/2022 14:01:28,Clear,clear sky,4.17,0.34,1.22,5.6,1019,60,10000,4.92,300,0,2,8,0.0,0.0,0,0,0,0,0,0,0,0,0,0,0,0,1,2,2,0,0,0,0,0,0,0,0,0,0,0,0,0,1,2,0,0,0,0,1,0,0,0,0,0,0,0,0,0,0
11/04/2022 14:06:28,Clear,clear sky,4.08,0.01,1.15,5.63,1019,60,10000,5.36,300,0,2,8,0.0,0.0,0,0,0,0,0,0,0,0,0,0,0,0,1,2,2,0,0,0,0,0,0,0,0,0,0,0,0,0,1,2,0,0,0,0,1,0,0,0,0,0,0,0,0,0,0
11/04/2022 14:11:28,Clear,clear sky,4.08,0.01,1.15,5.63,1019,60,10000,5.36,300,0,2,8,0.0,0.0,None,None,None,None,None,None,None,None,None,None,None,None,None,None,None,None,None,None,None,None,None,None,None,None,None,None,None,None,None,None,None,None,None,None,None,None,None,None,None,None,None,None,None,None,None
11/04/2022 14:16:28,Clear,clear sky,4.02,-0.06,1.17,5.62,1019,60,10000,5.36,300,0,2,5,0.0,0.0,None,None,None,None,None,None,None,None,None,None,None,None,None,None,None,None,None,None,None,None,None,None,None,None,None,None,None,None,None,None,None,None,None,None,None,None,None,None,None,None,None,None,None,None,None
11/04/2022 14:21:28,Clear,clear sky,4.02,-0.06,1.17,5.62,1019,60,10000,5.36,300,0,1,4,0.0,0.0,None,None,None,None,None,None,None,None,None,None,None,None,None,None,None,None,None,None,None,None,None,None,None,None,None,None,None,None,None,None,None,None,None,None,None,None,None,None,None,None,None,None,None,None,None
11/04/2022 14:26:28,Clear,clear sky,4.02,-0.06,1.17,5.62,1019,60,10000,5.36,300,0,1,4,0.0,0.0,None,None,None,None,None,None,None,None,None,None,None,None,None,None,None,None,None,None,None,None,None,None,None,None,None,None,None,None,None,None,None,None,None,None,None,None,None,None,None,None,None,None,None,None,None
11/04/2022 14:31:28,Clear,clear sky,3.91,-0.2,1.1,5.6,1019,60,10000,5.36,300,0,1,4,0.0,0.0,None,None,None,None,None,None,None,None,None,None,None,None,None,None,None,None,None,None,None,None,None,None,None,None,None,None,None,None,None,None,None,None,None,None,None,None,None,None,None,None,None,None,None,None,None
11/04/2022 14:36:28,Clear,clear sky,3.91,-0.2,1.1,5.6,1019,60,10000,5.36,300,0,1,4,0.0,0.0,None,None,None,None,None,None,None,None,None,None,None,None,None,None,None,None,None,None,None,None,None,None,None,None,None,None,None,None,None,None,None,None,None,None,None,None,None,None,None,None,None,None,None,None,None
11/04/2022 14:41:28,Clear,clear sky,3.86,-0.26,1.1,5.6,1019,61,10000,5.36,300,0,1,4,0.0,0.0,None,None,None,None,None,None,None,None,None,None,None,None,None,None,None,None,None,None,None,None,None,None,None,None,None,None,None,None,None,None,None,None,None,None,None,None,None,None,None,None,None,None,None,None,None
11/04/2022 14:46:28,Clear,clear sky,3.86,-0.26,1.1,5.6,1019,61,10000,5.36,300,0,1,4,0.0,0.0,None,None,None,None,None,None,None,None,None,None,None,None,None,None,None,None,None,None,None,None,None,None,None,None,None,None,None,None,None,None,None,None,None,None,None,None,None,None,None,None,None,None,None,None,None
11/04/2022 14:51:28,Clear,clear sky,3.86,-0.26,1.1,5.6,1019,61,10000,5.36,300,0,1,4,0.0,0.0,None,None,None,None,None,None,None,None,None,None,None,None,None,None,None,None,None,None,None,None,None,None,None,None,None,None,None,None,None,None,None,None,None,None,None,None,None,None,None,None,None,None,None,None,None
11/04/2022 14:56:28,Clear,clear sky,3.8,-0.34,1.1,5.47,1020,61,10000,5.36,300,0,1,4,0.0,0.0,None,None,None,None,None,None,None,None,None,None,None,None,None,None,None,None,None,None,None,None,None,None,None,None,None,None,None,None,None,None,None,None,None,None,None,None,None,None,None,None,None,None,None,None,None
11/04/2022 15:01:28,Clear,clear sky,3.95,-0.15,1.13,5.6,1020,62,10000,5.36,300,0,2,5,0.0,0.0,None,None,None,None,None,None,None,None,None,None,None,None,None,None,None,None,None,None,None,None,None,None,None,None,None,None,None,None,None,None,None,None,None,None,None,None,None,None,None,None,None,None,None,None,None
11/04/2022 15:06:28,Clear,clear sky,3.95,-0.15,1.13,5.6,1020,62,10000,5.36,300,0,2,5,0.0,0.0,None,None,None,None,None,None,None,None,None,None,None,None,None,None,None,None,None,None,None,None,None,None,None,None,None,None,None,None,None,None,None,None,None,None,None,None,None,None,None,None,None,None,None,None,None
11/04/2022 15:11:28,Clear,clear sky,3.95,-0.15,1.13,5.6,1020,62,10000,5.36,300,0,2,6,0.0,0.0,None,None,None,None,None,None,None,None,None,None,None,None,None,None,None,None,None,None,None,None,None,None,None,None,None,None,None,None,None,None,None,None,None,None,None,None,None,None,None,None,None,None,None,None,None
11/04/2022 15:16:28,Clear,clear sky,4.24,0.57,1.72,5.88,1020,60,10000,4.63,320,0,2,6,0.0,0.0,None,None,None,None,None,None,None,None,None,None,None,None,None,None,None,None,None,None,None,None,None,None,None,None,None,None,None,None,None,None,None,None,None,None,None,None,None,None,None,None,None,None,None,None,None
11/04/2022 15:21:28,Clear,clear sky,4.35,0.71,1.72,5.99,1020,60,10000,4.63,320,0,2,6,0.0,0.0,None,None,None,None,None,None,None,None,None,None,None,None,None,None,None,None,None,None,None,None,None,None,None,None,None,None,None,None,None,None,None,None,None,None,None,None,None,None,None,None,None,None,None,None,None
11/04/2022 15:26:28,Clear,clear sky,4.35,0.71,1.72,5.99,1020,60,10000,4.63,320,0,2,6,0.0,0.0,None,None,None,None,None,None,None,None,None,None,None,None,None,None,None,None,None,None,None,None,None,None,None,None,None,None,None,None,None,None,None,None,None,None,None,None,None,None,None,None,None,None,None,None,None
11/04/2022 15:31:28,Clear,clear sky,4.35,0.71,1.72,5.99,1020,60,10000,4.63,320,0,2,6,0.0,0.0,None,None,None,None,None,None,None,None,None,None,None,None,None,None,None,None,None,None,None,None,None,None,None,None,None,None,None,None,None,None,None,None,None,None,None,None,None,None,None,None,None,None,None,None,None
11/04/2022 15:36:28,Clear,clear sky,4.71,1.16,2.48,6.15,1020,59,10000,4.63,320,0,2,8,0.0,0.0,None,None,None,None,None,None,None,None,None,None,None,None,None,None,None,None,None,None,None,None,None,None,None,None,None,None,None,None,None,None,None,None,None,None,None,None,None,None,None,None,None,None,None,None,None
11/04/2022 15:41:28,Clear,clear sky,4.71,1.16,2.48,6.15,1020,59,10000,4.63,320,0,2,8,0.0,0.0,None,None,None,None,None,None,None,None,None,None,None,None,None,None,None,None,None,None,None,None,None,None,None,None,None,None,None,None,None,None,None,None,None,None,None,None,None,None,None,None,None,None,None,None,None
11/04/2022 15:46:28,Clear,clear sky,4.71,1.16,2.48,6.15,1020,59,10000,4.63,320,0,2,8,0.0,0.0,None,None,None,None,None,None,None,None,None,None,None,None,None,None,None,None,None,None,None,None,None,None,None,None,None,None,None,None,None,None,None,None,None,None,None,None,None,None,None,None,None,None,None,None,None
11/04/2022 15:51:28,Clear,clear sky,5.21,1.86,3.51,6.68,1020,60,10000,4.47,320,0,2,8,0.0,0.0,None,None,None,None,None,None,None,None,None,None,None,None,None,None,None,None,None,None,None,None,None,None,None,None,None,None,None,None,None,None,None,None,None,None,None,None,None,None,None,None,None,None,None,None,None
11/04/2022 15:56:28,Clear,clear sky,5.25,1.91,3.51,6.78,1020,60,10000,4.47,320,0,2,8,0.0,0.0,None,None,None,None,None,None,None,None,None,None,None,None,None,None,None,None,None,None,None,None,None,None,None,None,None,None,None,None,None,None,None,None,None,None,None,None,None,None,None,None,None,None,None,None,None
11/04/2022 16:01:28,Clear,clear sky,5.25,1.91,3.51,6.78,1020,60,10000,4.47,320,0,2,8,0.0,0.0,None,None,None,None,None,None,None,None,None,None,None,None,None,None,None,None,None,None,None,None,None,None,None,None,None,None,None,None,None,None,None,None,None,None,None,None,None,None,None,None,None,None,None,None,None
11/04/2022 16:06:28,Clear,clear sky,5.25,1.91,3.51,6.78,1020,60,10000,4.47,320,0,2,12,0.0,0.0,None,None,None,None,None,None,None,None,None,None,None,None,None,None,None,None,None,None,None,None,None,None,None,None,None,None,None,None,None,None,None,None,None,None,None,None,None,None,None,None,None,None,None,None,None
11/04/2022 16:11:28,Clear,clear sky,5.69,2.14,4.06,7.24,1020,57,10000,5.14,310,0,2,12,0.0,0.0,None,None,None,None,None,None,None,None,None,None,None,None,None,None,None,None,None,None,None,None,None,None,None,None,None,None,None,None,None,None,None,None,None,None,None,None,None,None,None,None,None,None,None,None,None
11/04/2022 16:16:28,Clear,clear sky,5.69,2.14,4.06,7.24,1020,57,10000,5.14,310,0,2,12,0.0,0.0,None,None,None,None,None,None,None,None,None,None,None,None,None,None,None,None,None,None,None,None,None,None,None,None,None,None,None,None,None,None,None,None,None,None,None,None,None,None,None,None,None,None,None,None,None
11/04/2022 16:21:28,Clear,clear sky,5.69,2.14,4.06,7.24,1020,57,10000,5.14,310,0,2,12,0.0,0.0,None,None,None,None,None,None,None,None,None,None,None,None,None,None,None,None,None,None,None,None,None,None,None,None,None,None,None,None,None,None,None,None,None,None,None,None,None,None,None,None,None,None,None,None,None
11/04/2022 16:26:28,Clear,clear sky,6.1,2.65,4.96,7.29,1020,57,10000,5.14,310,0,2,12,0.0,0.0,None,None,None,None,None,None,None,None,None,None,None,None,None,None,None,None,None,None,None,None,None,None,None,None,None,None,None,None,None,None,None,None,None,None,None,None,None,None,None,None,None,None,None,None,None
11/04/2022 16:31:28,Clear,clear sky,6.1,2.65,4.96,7.29,1020,57,10000,5.14,310,0,2,12,0.0,0.0,None,None,None,None,None,None,None,None,None,None,None,None,None,None,None,None,None,None,None,None,None,None,None,None,None,None,None,None,None,None,None,None,None,None,None,None,None,None,None,None,None,None,None,None,None
11/04/2022 16:36:28,Clear,clear sky,6.1,2.65,4.96,7.29,1020,57,10000,5.14,310,0,2,12,0.0,0.0,None,None,None,None,None,None,None,None,None,None,None,None,None,None,None,None,None,None,None,None,None,None,None,None,None,None,None,None,None,None,None,None,None,None,None,None,None,None,None,None,None,None,None,None,None
11/04/2022 16:41:28,Clear,clear sky,6.39,3.01,5.07,7.84,1020,56,10000,5.14,310,0,2,12,0.0,0.0,None,None,None,None,None,None,None,None,None,None,None,None,None,None,None,None,None,None,None,None,None,None,None,None,None,None,None,None,None,None,None,None,None,None,None,None,None,None,None,None,None,None,None,None,None
11/04/2022 16:46:28,Clear,clear sky,6.39,3.01,5.07,7.84,1020,56,10000,5.14,310,0,2,12,0.0,0.0,None,None,None,None,None,None,None,None,None,None,None,None,None,None,None,None,None,None,None,None,None,None,None,None,None,None,None,None,None,None,None,None,None,None,None,None,None,None,None,None,None,None,None,None,None
11/04/2022 16:51:28,Clear,clear sky,6.39,3.01,5.07,7.84,1020,56,10000,5.14,310,0,2,12,0.0,0.0,None,None,None,None,None,None,None,None,None,None,None,None,None,None,None,None,None,None,None,None,None,None,None,None,None,None,None,None,None,None,None,None,None,None,None,None,None,None,None,None,None,None,None,None,None
11/04/2022 16:56:28,Clear,clear sky,6.98,5.46,5.46,8.39,1020,54,10000,2.24,59,0,2,12,0.0,0.0,None,None,None,None,None,None,None,None,None,None,None,None,None,None,None,None,None,None,None,None,None,None,None,None,None,None,None,None,None,None,None,None,None,None,None,None,None,None,None,None,None,None,None,None,None
11/04/2022 17:01:28,Clear,clear sky,6.98,5.46,5.46,8.39,1020,54,10000,2.24,59,0,2,12,0.0,0.0,None,None,None,None,None,None,None,None,None,None,None,None,None,None,None,None,None,None,None,None,None,None,None,None,None,None,None,None,None,None,None,None,None,None,None,None,None,None,None,None,None,None,None,None,None
11/04/2022 17:06:28,Clear,clear sky,6.98,5.46,5.46,8.39,1020,54,10000,2.24,59,0,2,14,0.0,0.0,None,None,None,None,None,None,None,None,None,None,None,None,None,None,None,None,None,None,None,None,None,None,None,None,None,None,None,None,None,None,None,None,None,None,None,None,None,None,None,None,None,None,None,None,None
11/04/2022 17:11:28,Clear,clear sky,7.33,4.41,6.17,8.44,1020,51,10000,4.63,340,0,2,14,0.0,0.0,None,None,None,None,None,None,None,None,None,None,None,None,None,None,None,None,None,None,None,None,None,None,None,None,None,None,None,None,None,None,None,None,None,None,None,None,None,None,None,None,None,None,None,None,None
11/04/2022 17:16:28,Clear,clear sky,7.33,4.41,6.17,8.44,1020,51,10000,4.63,340,0,2,14,0.0,0.0,None,None,None,None,None,None,None,None,None,None,None,None,None,None,None,None,None,None,None,None,None,None,None,None,None,None,None,None,None,None,None,None,None,None,None,None,None,None,None,None,None,None,None,None,None
11/04/2022 17:21:28,Clear,clear sky,7.33,4.41,6.17,8.44,1020,51,10000,4.63,340,0,2,14,0.0,0.0,None,None,None,None,None,None,None,None,None,None,None,None,None,None,None,None,None,None,None,None,None,None,None,None,None,None,None,None,None,None,None,None,None,None,None,None,None,None,None,None,None,None,None,None,None
11/04/2022 17:26:28,Clear,clear sky,7.6,4.75,6.57,9.12,1020,50,10000,4.63,340,0,2,14,0.0,0.0,None,None,None,None,None,None,None,None,None,None,None,None,None,None,None,None,None,None,None,None,None,None,None,None,None,None,None,None,None,None,None,None,None,None,None,None,None,None,None,None,None,None,None,None,None
11/04/2022 17:31:28,Clear,clear sky,7.6,4.75,6.57,9.12,1020,50,10000,4.63,340,0,2,14,0.0,0.0,None,None,None,None,None,None,None,None,None,None,None,None,None,None,None,None,None,None,None,None,None,None,None,None,None,None,None,None,None,None,None,None,None,None,None,None,None,None,None,None,None,None,None,None,None
11/04/2022 17:36:28,Clear,clear sky,7.85,5.06,6.55,9.55,1020,49,10000,4.63,340,0,2,14,0.0,0.0,None,None,None,None,None,None,None,None,None,None,None,None,None,None,None,None,None,None,None,None,None,None,None,None,None,None,None,None,None,None,None,None,None,None,None,None,None,None,None,None,None,None,None,None,None
11/04/2022 17:41:28,Clear,clear sky,7.85,5.06,6.55,9.55,1020,49,10000,4.63,340,0,2,14,0.0,0.0,None,None,None,None,None,None,None,None,None,None,None,None,None,None,None,None,None,None,None,None,None,None,None,None,None,None,None,None,None,None,None,None,None,None,None,None,None,None,None,None,None,None,None,None,None
11/04/2022 17:46:28,Clear,clear sky,7.85,5.06,6.55,9.55,1020,49,10000,4.63,340,0,2,14,0.0,0.0,None,None,None,None,None,None,None,None,None,None,None,None,None,None,None,None,None,None,None,None,None,None,None,None,None,None,None,None,None,None,None,None,None,None,None,None,None,None,None,None,None,None,None,None,None
11/04/2022 17:51:28,Clear,clear sky,8.44,6.58,7.01,10.11,1020,49,10000,3.09,0,0,2,14,0.0,0.0,None,None,None,None,None,None,None,None,None,None,None,None,None,None,None,None,None,None,None,None,None,None,None,None,None,None,None,None,None,None,None,None,None,None,None,None,None,None,None,None,None,None,None,None,None
11/04/2022 17:56:28,Clear,clear sky,8.44,6.58,7.01,10.11,1020,49,10000,3.09,0,0,2,14,0.0,0.0,None,None,None,None,None,None,None,None,None,None,None,None,None,None,None,None,None,None,None,None,None,None,None,None,None,None,None,None,None,None,None,None,None,None,None,None,None,None,None,None,None,None,None,None,None
11/04/2022 18:01:28,Clear,clear sky,8.56,6.73,7.13,10.33,1020,49,10000,3.09,0,0,2,14,0.0,0.0,None,None,None,None,None,None,None,None,None,None,None,None,None,None,None,None,None,None,None,None,None,None,None,None,None,None,None,None,None,None,None,None,None,None,None,None,None,None,None,None,None,None,None,None,None
11/04/2022 18:06:28,Clear,clear sky,8.79,6.46,7.21,10.59,1020,46,10000,4.12,40,0,2,15,0.0,0.0,None,None,None,None,None,None,None,None,None,None,None,None,None,None,None,None,None,None,None,None,None,None,None,None,None,None,None,None,None,None,None,None,None,None,None,None,None,None,None,None,None,None,None,None,None
11/04/2022 18:11:28,Clear,clear sky,8.79,6.46,7.21,10.59,1020,46,10000,4.12,40,0,2,15,0.0,0.0,None,None,None,None,None,None,None,None,None,None,None,None,None,None,None,None,None,None,None,None,None,None,None,None,None,None,None,None,None,None,None,None,None,None,None,None,None,None,None,None,None,None,None,None,None
11/04/2022 18:16:28,Clear,clear sky,8.79,6.46,7.21,10.59,1020,46,10000,4.12,40,0,2,15,0.0,0.0,None,None,None,None,None,None,None,None,None,None,None,None,None,None,None,None,None,None,None,None,None,None,None,None,None,None,None,None,None,None,None,None,None,None,None,None,None,None,None,None,None,None,None,None,None
11/04/2022 18:21:28,Clear,clear sky,8.98,6.69,7.65,11.13,1020,45,10000,4.12,40,0,2,15,0.0,0.0,None,None,None,None,None,None,None,None,None,None,None,None,None,None,None,None,None,None,None,None,None,None,None,None,None,None,None,None,None,None,None,None,None,None,None,None,None,None,None,None,None,None,None,None,None
11/04/2022 18:26:28,Clear,clear sky,8.98,6.69,7.65,11.13,1020,45,10000,4.12,40,0,2,15,0.0,0.0,None,None,None,None,None,None,None,None,None,None,None,None,None,None,None,None,None,None,None,None,None,None,None,None,None,None,None,None,None,None,None,None,None,None,None,None,None,None,None,None,None,None,None,None,None
11/04/2022 18:31:28,Clear,clear sky,8.98,6.69,7.65,11.13,1020,45,10000,4.12,40,0,2,15,0.0,0.0,None,None,None,None,None,None,None,None,None,None,None,None,None,None,None,None,None,None,None,None,None,None,None,None,None,None,None,None,None,None,None,None,None,None,None,None,None,None,None,None,None,None,None,None,None
11/04/2022 18:36:28,Clear,clear sky,9.48,7.31,7.88,11.74,1020,45,10000,4.12,40,0,2,15,0.0,0.0,None,None,None,None,None,None,None,None,None,None,None,None,None,None,None,None,None,None,None,None,None,None,None,None,None,None,None,None,None,None,None,None,None,None,None,None,None,None,None,None,None,None,None,None,None
11/04/2022 18:41:28,Clear,clear sky,9.42,7.23,7.7,11.96,1020,45,10000,4.12,40,0,2,15,0.0,0.0,None,None,None,None,None,None,None,None,None,None,None,None,None,None,None,None,None,None,None,None,None,None,None,None,None,None,None,None,None,None,None,None,None,None,None,None,None,None,None,None,None,None,None,None,None
11/04/2022 18:46:28,Clear,clear sky,9.42,7.23,7.7,11.96,1020,45,10000,4.12,40,0,3,16,0.0,0.0,None,None,None,None,None,None,None,None,None,None,None,None,None,None,None,None,None,None,None,None,None,None,None,None,None,None,None,None,None,None,None,None,None,None,None,None,None,None,None,None,None,None,None,None,None
11/04/2022 18:51:28,Clear,clear sky,9.91,8.6,8.21,12.12,1021,45,10000,2.68,270,0,3,16,0.0,0.0,None,None,None,None,None,None,None,None,None,None,None,None,None,None,None,None,None,None,None,None,None,None,None,None,None,None,None,None,None,None,None,None,None,None,None,None,None,None,None,None,None,None,None,None,None
11/04/2022 18:56:28,Clear,clear sky,9.91,8.6,8.21,12.12,1021,45,10000,2.68,270,0,3,16,0.0,0.0,None,None,None,None,None,None,None,None,None,None,None,None,None,None,None,None,None,None,None,None,None,None,None,None,None,None,None,None,None,None,None,None,None,None,None,None,None,None,None,None,None,None,None,None,None
11/04/2022 19:01:28,Clear,clear sky,9.91,8.6,8.21,12.12,1021,45,10000,2.68,270,0,3,16,0.0,0.0,None,None,None,None,None,None,None,None,None,None,None,None,None,None,None,None,None,None,None,None,None,None,None,None,None,None,None,None,None,None,None,None,None,None,None,None,None,None,None,None,None,None,None,None,None
11/04/2022 19:06:28,Clear,clear sky,10.28,8.49,8.6,12.48,1021,43,10000,2.57,240,0,3,16,0.0,0.0,None,None,None,None,None,None,None,None,None,None,None,None,None,None,None,None,None,None,None,None,None,None,None,None,None,None,None,None,None,None,None,None,None,None,None,None,None,None,None,None,None,None,None,None,None
11/04/2022 19:11:28,Clear,clear sky,10.28,8.49,8.6,12.48,1021,43,10000,2.57,240,0,2,15,0.0,0.0,None,None,None,None,None,None,None,None,None,None,None,None,None,None,None,None,None,None,None,None,None,None,None,None,None,None,None,None,None,None,None,None,None,None,None,None,None,None,None,None,None,None,None,None,None
11/04/2022 19:16:28,Clear,clear sky,10.28,8.49,8.6,12.48,1021,43,10000,2.57,240,0,2,15,0.0,0.0,None,None,None,None,None,None,None,None,None,None,None,None,None,None,None,None,None,None,None,None,None,None,None,None,None,None,None,None,None,None,None,None,None,None,None,None,None,None,None,None,None,None,None,None,None
11/04/2022 19:21:28,Clear,clear sky,10.73,8.96,8.77,13.1,1020,42,10000,2.57,240,0,3,16,0.0,0.0,None,None,None,None,None,None,None,None,None,None,None,None,None,None,None,None,None,None,None,None,None,None,None,None,None,None,None,None,None,None,None,None,None,None,None,None,None,None,None,None,None,None,None,None,None
11/04/2022 19:26:28,Clear,clear sky,10.73,8.96,8.77,13.1,1020,42,10000,2.57,240,0,3,16,0.0,0.0,None,None,None,None,None,None,None,None,None,None,None,None,None,None,None,None,None,None,None,None,None,None,None,None,None,None,None,None,None,None,None,None,None,None,None,None,None,None,None,None,None,None,None,None,None
11/04/2022 19:31:28,Clear,clear sky,10.73,8.96,8.77,13.1,1020,42,10000,2.57,240,0,3,16,0.0,0.0,None,None,None,None,None,None,None,None,None,None,None,None,None,None,None,None,None,None,None,None,None,None,None,None,None,None,None,None,None,None,None,None,None,None,None,None,None,None,None,None,None,None,None,None,None
11/04/2022 19:36:28,Clear,clear sky,11.15,9.39,9.1,13.66,1021,41,10000,2.57,240,0,3,16,0.0,0.0,None,None,None,None,None,None,None,None,None,None,None,None,None,None,None,None,None,None,None,None,None,None,None,None,None,None,None,None,None,None,None,None,None,None,None,None,None,None,None,None,None,None,None,None,None
11/04/2022 19:41:29,Clear,clear sky,11.15,9.39,9.1,13.66,1021,41,10000,2.57,240,0,3,16,0.0,0.0,None,None,None,None,None,None,None,None,None,None,None,None,None,None,None,None,None,None,None,None,None,None,None,None,None,None,None,None,None,None,None,None,None,None,None,None,None,None,None,None,None,None,None,None,None
11/04/2022 19:46:29,Clear,clear sky,11.15,9.39,9.1,13.66,1021,41,10000,2.57,240,0,2,15,0.0,0.0,None,None,None,None,None,None,None,None,None,None,None,None,None,None,None,None,None,None,None,None,None,None,None,None,None,None,None,None,None,None,None,None,None,None,None,None,None,None,None,None,None,None,None,None,None
11/04/2022 19:51:29,Clear,clear sky,11.43,9.67,9.14,13.89,1021,40,10000,2.57,240,0,2,15,0.0,0.0,None,None,None,None,None,None,None,None,None,None,None,None,None,None,None,None,None,None,None,None,None,None,None,None,None,None,None,None,None,None,None,None,None,None,None,None,None,None,None,None,None,None,None,None,None
11/04/2022 19:56:29,Clear,clear sky,11.43,9.67,9.14,13.89,1021,40,10000,2.57,240,0,2,15,0.0,0.0,None,None,None,None,None,None,None,None,None,None,None,None,None,None,None,None,None,None,None,None,None,None,None,None,None,None,None,None,None,None,None,None,None,None,None,None,None,None,None,None,None,None,None,None,None
11/04/2022 20:01:29,Clear,clear sky,11.97,10.24,9.88,14.27,1020,39,10000,2.68,209,0,2,15,0.0,0.0,None,None,None,None,None,None,None,None,None,None,None,None,None,None,None,None,None,None,None,None,None,None,None,None,None,None,None,None,None,None,None,None,None,None,None,None,None,None,None,None,None,None,None,None,None
11/04/2022 20:06:29,Clear,clear sky,11.97,10.24,9.88,14.27,1020,39,10000,2.68,209,0,2,16,0.0,0.0,None,None,None,None,None,None,None,None,None,None,None,None,None,None,None,None,None,None,None,None,None,None,None,None,None,None,None,None,None,None,None,None,None,None,None,None,None,None,None,None,None,None,None,None,None
11/04/2022 20:11:29,Clear,clear sky,11.92,10.16,9.88,14.7,1020,38,10000,2.06,200,0,2,16,0.0,0.0,None,None,None,None,None,None,None,None,None,None,None,None,None,None,None,None,None,None,None,None,None,None,None,None,None,None,None,None,None,None,None,None,None,None,None,None,None,None,None,None,None,None,None,None,None
11/04/2022 20:16:29,Clear,clear sky,11.92,10.16,9.88,14.7,1020,38,10000,2.06,200,0,2,16,0.0,0.0,None,None,None,None,None,None,None,None,None,None,None,None,None,None,None,None,None,None,None,None,None,None,None,None,None,None,None,None,None,None,None,None,None,None,None,None,None,None,None,None,None,None,None,None,None
11/04/2022 20:21:29,Clear,clear sky,12.16,10.42,9.88,14.82,1020,38,10000,2.24,229,0,2,16,0.0,0.0,None,None,None,None,None,None,None,None,None,None,None,None,None,None,None,None,None,None,None,None,None,None,None,None,None,None,None,None,None,None,None,None,None,None,None,None,None,None,None,None,None,None,None,None,None
11/04/2022 20:26:29,Clear,clear sky,12.16,10.42,9.88,14.82,1020,38,10000,2.24,229,0,2,16,0.0,0.0,None,None,None,None,None,None,None,None,None,None,None,None,None,None,None,None,None,None,None,None,None,None,None,None,None,None,None,None,None,None,None,None,None,None,None,None,None,None,None,None,None,None,None,None,None
11/04/2022 20:31:29,Clear,clear sky,12.16,10.42,9.88,14.82,1020,38,10000,2.24,229,0,2,16,0.0,0.0,None,None,None,None,None,None,None,None,None,None,None,None,None,None,None,None,None,None,None,None,None,None,None,None,None,None,None,None,None,None,None,None,None,None,None,None,None,None,None,None,None,None,None,None,None
11/04/2022 20:36:29,Clear,clear sky,12.6,10.88,10.44,15.38,1020,37,10000,2.68,294,0,2,16,0.0,0.0,None,None,None,None,None,None,None,None,None,None,None,None,None,None,None,None,None,None,None,None,None,None,None,None,None,None,None,None,None,None,None,None,None,None,None,None,None,None,None,None,None,None,None,None,None
11/04/2022 20:41:29,Clear,clear sky,12.6,10.88,10.44,15.38,1020,37,10000,2.68,294,0,2,16,0.0,0.0,None,None,None,None,None,None,None,None,None,None,None,None,None,None,None,None,None,None,None,None,None,None,None,None,None,None,None,None,None,None,None,None,None,None,None,None,None,None,None,None,None,None,None,None,None
11/04/2022 20:46:29,Clear,clear sky,12.6,10.88,10.44,15.38,1020,37,10000,2.68,294,0,2,16,0.0,0.0,None,None,None,None,None,None,None,None,None,None,None,None,None,None,None,None,None,None,None,None,None,None,None,None,None,None,None,None,None,None,None,None,None,None,None,None,None,None,None,None,None,None,None,None,None
11/04/2022 20:51:29,Clear,clear sky,13.17,11.51,10.44,16.19,1020,37,10000,2.06,200,0,2,16,0.0,0.0,None,None,None,None,None,None,None,None,None,None,None,None,None,None,None,None,None,None,None,None,None,None,None,None,None,None,None,None,None,None,None,None,None,None,None,None,None,None,None,None,None,None,None,None,None
11/04/2022 20:56:29,Clear,clear sky,13.17,11.51,10.44,16.19,1020,37,10000,2.06,200,0,2,16,0.0,0.0,None,None,None,None,None,None,None,None,None,None,None,None,None,None,None,None,None,None,None,None,None,None,None,None,None,None,None,None,None,None,None,None,None,None,None,None,None,None,None,None,None,None,None,None,None
11/04/2022 21:01:29,Clear,clear sky,13.17,11.51,10.44,16.19,1020,37,10000,2.06,200,0,2,16,0.0,0.0,None,None,None,None,None,None,None,None,None,None,None,None,None,None,None,None,None,None,None,None,None,None,None,None,None,None,None,None,None,None,None,None,None,None,None,None,None,None,None,None,None,None,None,None,None
11/04/2022 21:06:29,Clear,clear sky,13.22,11.54,10.44,16.5,1020,36,10000,3.09,0,0,2,16,0.0,0.0,None,None,None,None,None,None,None,None,None,None,None,None,None,None,None,None,None,None,None,None,None,None,None,None,None,None,None,None,None,None,None,None,None,None,None,None,None,None,None,None,None,None,None,None,None
11/04/2022 21:11:29,Clear,clear sky,13.22,11.54,10.44,16.5,1020,36,10000,3.09,0,0,2,16,0.0,0.0,None,None,None,None,None,None,None,None,None,None,None,None,None,None,None,None,None,None,None,None,None,None,None,None,None,None,None,None,None,None,None,None,None,None,None,None,None,None,None,None,None,None,None,None,None
11/04/2022 21:16:29,Clear,clear sky,13.22,11.54,10.44,16.5,1020,36,10000,3.09,0,0,2,16,0.0,0.0,None,None,None,None,None,None,None,None,None,None,None,None,None,None,None,None,None,None,None,None,None,None,None,None,None,None,None,None,None,None,None,None,None,None,None,None,None,None,None,None,None,None,None,None,None
11/04/2022 21:21:29,Clear,clear sky,13.72,12.06,10.9,16.27,1020,35,10000,3.09,0,0,2,16,0.0,0.0,None,None,None,None,None,None,None,None,None,None,None,None,None,None,None,None,None,None,None,None,None,None,None,None,None,None,None,None,None,None,None,None,None,None,None,None,None,None,None,None,None,None,None,None,None
11/04/2022 21:26:28,Clear,clear sky,13.83,12.16,10.93,16.9,1020,34,10000,3.09,0,0,2,16,0.0,0.0,None,None,None,None,None,None,None,None,None,None,None,None,None,None,None,None,None,None,None,None,None,None,None,None,None,None,None,None,None,None,None,None,None,None,None,None,None,None,None,None,None,None,None,None,None
11/04/2022 21:31:28,Clear,clear sky,13.83,12.16,10.93,16.9,1020,34,10000,3.09,0,0,2,16,0.0,0.0,None,None,None,None,None,None,None,None,None,None,None,None,None,None,None,None,None,None,None,None,None,None,None,None,None,None,None,None,None,None,None,None,None,None,None,None,None,None,None,None,None,None,None,None,None
11/04/2022 21:36:28,Clear,clear sky,13.95,12.31,10.9,16.92,1020,35,10000,3.09,0,0,2,16,0.0,0.0,None,None,None,None,None,None,None,None,None,None,None,None,None,None,None,None,None,None,None,None,None,None,None,None,None,None,None,None,None,None,None,None,None,None,None,None,None,None,None,None,None,None,None,None,None
11/04/2022 21:41:28,Clear,clear sky,13.95,12.31,10.9,16.92,1020,35,10000,3.09,0,0,2,16,0.0,0.0,None,None,None,None,None,None,None,None,None,None,None,None,None,None,None,None,None,None,None,None,None,None,None,None,None,None,None,None,None,None,None,None,None,None,None,None,None,None,None,None,None,None,None,None,None
11/04/2022 21:46:28,Clear,clear sky,13.95,12.31,10.9,16.92,1020,35,10000,3.09,0,0,2,16,0.0,0.0,None,None,None,None,None,None,None,None,None,None,None,None,None,None,None,None,None,None,None,None,None,None,None,None,None,None,None,None,None,None,None,None,None,None,None,None,None,None,None,None,None,None,None,None,None
11/04/2022 21:51:28,Clear,clear sky,14.35,12.75,11.55,17.28,1020,35,10000,3.09,0,0,2,16,0.0,0.0,None,None,None,None,None,None,None,None,None,None,None,None,None,None,None,None,None,None,None,None,None,None,None,None,None,None,None,None,None,None,None,None,None,None,None,None,None,None,None,None,None,None,None,None,None
11/04/2022 21:56:28,Clear,clear sky,14.35,12.75,11.55,17.28,1020,35,10000,3.09,0,0,2,16,0.0,0.0,None,None,None,None,None,None,None,None,None,None,None,None,None,None,None,None,None,None,None,None,None,None,None,None,None,None,None,None,None,None,None,None,None,None,None,None,None,None,None,None,None,None,None,None,None
11/04/2022 21:59:55,Clear,clear sky,14.35,12.75,11.55,17.28,1020,35,10000,3.09,0,0,2,16,0.0,0.0,0,0,0,0,0,0,0,0,0,0,0,0,0,0,6,0,0,0,0,0,0,0,0,0,0,0,0,0,1,5,0,0,0,0,0,0,0,0,0,0,0,0,0,0,0
11/04/2022 22:04:55,Clear,clear sky,14.39,12.77,11.55,17.38,1019,34,10000,3.09,230,0,3,15,0.0,0.0,0,0,0,0,0,0,0,0,0,0,0,0,0,0,4,0,0,0,0,0,0,0,0,0,0,0,0,0,0,2,0,0,0,0,0,0,0,0,0,0,0,0,0,0,0
11/04/2022 22:09:55,Clear,clear sky,14.39,12.77,11.55,17.38,1019,34,10000,3.09,230,0,3,15,0.0,0.0,0,0,0,0,0,0,0,0,0,0,0,0,0,0,0,0,0,0,0,0,0,0,0,0,0,0,0,0,1,5,0,0,0,0,0,0,0,0,0,0,0,0,0,0,0
11/04/2022 22:14:55,Clear,clear sky,14.39,12.77,11.55,17.38,1019,34,10000,3.09,230,0,3,15,0.0,0.0,0,0,0,0,0,0,0,0,0,0,0,0,0,0,6,0,0,0,0,0,0,0,0,0,0,0,0,0,2,9,0,0,0,0,0,0,0,0,0,0,0,0,0,0,0
11/04/2022 22:19:55,Clear,clear sky,14.53,12.93,11.57,17.55,1019,34,10000,3.09,230,0,3,15,0.0,0.0,0,0,0,0,0,0,0,0,0,0,0,0,0,1,3,0,0,0,0,0,0,0,0,0,0,0,0,0,0,4,0,0,0,0,0,0,0,0,0,0,0,0,0,0,0
11/04/2022 22:24:55,Clear,clear sky,14.53,12.93,11.57,17.55,1019,34,10000,3.09,230,0,3,15,0.0,0.0,0,0,0,0,1,0,0,0,0,0,0,0,0,0,5,0,0,0,0,0,0,0,0,0,0,0,0,0,2,5,0,0,0,0,0,0,0,0,0,0,0,0,0,0,0
11/04/2022 22:29:55,Clear,clear sky,14.65,13.06,11.57,17.38,1019,34,10000,3.09,230,0,3,15,0.0,0.0,0,0,0,0,1,0,0,0,0,0,0,0,0,2,5,0,0,0,0,0,0,0,0,0,0,0,0,0,2,6,0,0,0,0,0,0,0,0,0,0,0,0,0,0,0
11/04/2022 22:34:55,Clear,clear sky,14.65,13.06,11.57,17.38,1019,34,10000,3.09,230,0,3,14,0.0,0.0,0,0,0,1,1,0,0,0,0,0,0,0,0,0,5,0,0,0,0,0,0,0,0,0,0,0,0,0,0,6,0,0,0,0,0,0,0,0,0,0,0,0,0,0,0
11/04/2022 22:39:55,Clear,clear sky,14.82,13.22,11.55,18.03,1019,33,10000,3.09,230,0,3,14,0.0,0.0,0,0,0,0,0,0,0,0,0,0,0,0,0,0,1,0,0,0,0,0,0,0,0,0,0,0,0,0,0,1,0,0,0,0,0,0,0,0,0,0,0,0,0,0,0
11/04/2022 22:44:55,Clear,clear sky,14.82,13.22,11.55,18.03,1019,33,10000,3.09,230,0,3,14,0.0,0.0,0,0,0,0,0,0,0,0,0,0,0,0,0,0,2,0,0,0,0,0,0,0,0,0,0,0,0,0,0,1,0,0,0,0,0,0,0,0,0,0,0,0,0,0,0
11/04/2022 22:49:55,Clear,clear sky,14.65,13.03,11.55,18.03,1019,33,10000,3.58,360,0,3,14,0.0,0.0,0,0,0,0,0,0,0,0,0,0,0,0,0,1,2,0,0,0,0,0,0,0,0,0,0,0,0,0,0,2,0,0,0,0,0,0,0,0,0,0,0,0,0,0,0
11/04/2022 22:54:55,Clear,clear sky,14.65,13.03,11.55,18.03,1019,33,10000,3.58,360,0,3,14,0.0,0.0,0,0,0,0,1,0,0,0,0,0,0,0,0,1,1,0,0,0,0,0,0,0,0,0,0,0,0,0,0,0,0,0,0,0,0,0,0,0,0,0,0,0,0,0,0
11/04/2022 22:59:55,Clouds,overcast clouds,14.86,13.32,11.55,18.1,1019,35,10000,3.58,360,100,3,14,0.0,0.0,0,0,0,0,1,0,0,0,0,0,0,0,0,1,1,0,0,0,0,0,0,0,0,0,0,0,0,0,0,2,0,0,0,0,0,0,0,0,0,0,0,0,0,0,0
11/04/2022 23:04:55,Clouds,overcast clouds,14.86,13.32,11.55,18.1,1019,35,10000,3.58,360,100,3,13,0.0,0.0,0,0,0,0,0,0,0,0,0,0,0,0,0,0,2,0,0,0,0,0,0,0,0,0,0,0,0,0,0,1,0,0,0,0,0,0,0,0,0,0,0,0,0,0,0
11/04/2022 23:09:55,Clouds,overcast clouds,14.86,13.32,11.55,18.1,1019,35,10000,3.58,360,100,3,13,0.0,0.0,0,0,0,0,1,0,0,0,0,0,0,0,0,1,3,0,0,0,0,0,0,0,0,0,0,0,0,0,1,3,0,0,0,0,0,0,0,0,0,0,0,0,0,0,0
11/04/2022 23:14:55,Clear,clear sky,14.97,13.38,11.55,18.1,1018,33,10000,5.14,220,0,3,13,0.0,0.0,0,0,0,0,1,0,0,0,0,0,0,0,0,0,2,0,0,0,0,0,0,0,0,0,0,0,0,0,1,2,0,0,0,0,0,0,0,0,0,0,0,0,0,0,0
11/04/2022 23:19:55,Clear,clear sky,14.97,13.38,11.55,18.1,1018,33,10000,5.14,220,0,3,13,0.0,0.0,0,0,0,0,1,0,0,0,0,0,0,0,0,0,4,0,0,0,0,0,0,0,0,0,0,0,0,0,0,3,0,0,0,0,0,0,0,0,0,0,0,0,0,0,0
11/04/2022 23:24:55,Clear,clear sky,14.97,13.38,11.55,18.1,1018,33,10000,5.14,220,0,3,13,0.0,0.0,0,0,0,0,1,0,0,0,0,0,0,0,0,1,4,0,0,0,0,0,0,0,0,0,0,0,0,0,0,4,0,0,0,0,0,0,0,0,0,0,0,0,0,0,0
11/04/2022 23:29:55,Clear,clear sky,15.05,13.5,11.56,18.04,1018,34,10000,5.14,220,0,3,13,0.0,0.0,0,0,0,0,0,0,0,0,0,0,0,0,0,1,3,0,0,0,0,0,0,0,0,0,0,0,0,0,0,4,0,0,0,0,0,0,0,0,0,0,0,0,0,0,0
11/04/2022 23:34:55,Clear,clear sky,15.05,13.5,11.56,18.04,1018,34,10000,5.14,220,0,3,13,0.0,0.0,0,0,0,0,0,0,0,0,0,0,0,0,0,0,1,0,0,0,0,0,0,0,0,0,0,0,0,0,1,3,0,0,0,0,0,0,0,0,0,0,0,0,0,0,0
11/04/2022 23:39:55,Clear,clear sky,15.05,13.5,11.56,18.04,1018,34,10000,5.14,220,0,3,13,0.0,0.0,0,0,0,0,0,0,0,0,0,0,0,0,0,0,4,0,0,0,0,0,0,0,0,0,0,0,0,0,2,5,0,0,0,0,0,0,0,0,0,0,0,0,0,0,0
11/04/2022 23:44:55,Clear,clear sky,14.96,13.4,11,18.04,1018,34,10000,5.14,220,0,3,14,0.0,0.0,0,0,0,0,1,0,0,0,0,0,0,0,0,0,2,0,0,0,0,0,0,0,0,0,0,0,0,0,0,3,0,0,0,0,0,0,0,0,0,0,0,0,0,0,0
11/04/2022 23:49:55,Clear,clear sky,14.96,13.4,11,18.04,1018,34,10000,5.14,220,0,3,14,0.0,0.0,0,0,0,1,2,0,0,0,0,0,0,0,0,1,4,0,0,0,0,0,0,0,0,0,0,0,0,0,0,3,0,0,0,0,0,0,0,0,0,0,0,0,0,0,0
11/04/2022 23:54:55,Clear,clear sky,14.96,13.4,11,18.04,1018,34,10000,5.14,220,0,3,14,0.0,0.0,0,0,0,0,1,0,0,0,0,0,0,0,0,1,7,0,0,0,0,0,0,0,0,0,0,0,0,0,2,7,0,0,0,0,0,0,0,0,0,0,0,0,0,0,0
11/04/2022 23:59:55,Clouds,overcast clouds,14.91,13.42,11,18.04,1017,37,10000,4.92,220,100,3,14,0.0,0.0,0,0,0,0,0,0,0,0,0,0,0,0,0,1,2,0,0,0,0,0,0,0,0,0,0,0,0,0,0,2,0,0,0,0,0,0,0,0,0,0,0,0,0,0,0
12/04/2022 00:04:55,Clouds,overcast clouds,14.91,13.42,11,18.04,1017,37,10000,4.92,220,100,3,13,0.0,0.0,0,0,0,1,3,0,0,0,0,0,0,0,0,0,5,0,0,0,0,0,0,0,0,0,0,0,0,0,1,8,0,0,0,0,0,0,0,0,0,0,0,0,0,0,0
12/04/2022 00:09:55,Clouds,overcast clouds,14.91,13.42,11,18.04,1017,37,10000,4.92,220,100,3,13,0.0,0.0,0,0,0,0,0,0,0,0,0,0,0,0,0,0,3,0,0,0,0,0,0,0,0,0,0,0,0,1,2,6,0,0,0,0,0,0,0,0,0,0,0,0,0,0,0
12/04/2022 00:14:55,Clear,clear sky,14.83,13.31,11.02,18.58,1017,36,10000,6.17,190,0,3,13,0.0,0.0,0,0,0,0,3,0,0,0,0,0,0,0,1,1,7,0,0,0,0,0,0,0,0,0,0,0,0,0,0,5,0,0,0,0,0,0,0,0,0,0,0,0,0,0,0
12/04/2022 00:19:55,Clear,clear sky,14.83,13.31,11.02,18.58,1017,36,10000,6.17,190,0,3,13,0.0,0.0,0,0,0,0,1,0,0,0,0,0,0,0,0,0,6,0,0,0,0,0,0,0,0,0,0,0,0,0,1,8,0,0,0,0,0,0,0,0,0,0,0,0,0,0,0
12/04/2022 00:24:55,Clear,clear sky,14.73,13.22,11.02,18.08,1017,37,10000,6.17,190,0,3,13,0.0,0.0,0,0,0,0,1,0,0,0,0,0,0,0,0,0,6,0,0,0,0,0,0,0,0,0,0,0,0,1,1,5,0,0,0,0,0,0,0,0,0,0,0,0,0,0,0
12/04/2022 00:29:55,Clear,clear sky,14.73,13.22,11.02,18.08,1017,37,10000,6.17,190,0,3,13,0.0,0.0,0,0,0,0,0,0,0,0,0,0,0,0,0,1,7,0,0,0,0,0,0,0,0,0,0,0,0,0,1,7,0,0,0,0,0,0,0,0,0,0,0,0,0,0,0
12/04/2022 00:34:55,Clear,clear sky,14.61,13.12,10.47,18.21,1017,38,10000,6.17,190,0,3,13,0.0,0.0,0,0,0,0,0,0,0,0,0,0,0,0,0,0,4,0,0,0,0,0,0,0,0,0,0,0,0,0,1,4,0,0,0,0,0,0,0,0,0,0,0,0,0,0,0
12/04/2022 00:39:55,Clear,clear sky,14.61,13.12,10.47,18.21,1017,38,10000,6.17,190,0,3,13,0.0,0.0,0,0,0,0,1,0,0,0,0,2,0,0,0,0,6,0,0,0,0,0,0,0,0,0,0,0,0,0,1,8,0,0,0,0,0,0,0,0,0,0,0,0,0,0,0
12/04/2022 00:44:55,Clear,clear sky,14.61,13.12,10.47,18.21,1017,38,10000,6.17,190,0,3,13,0.0,0.0,0,0,0,1,1,0,0,0,1,1,0,0,0,1,2,0,0,0,0,0,0,0,0,0,0,0,0,0,1,4,0,0,0,0,0,0,0,0,0,0,0,0,0,0,0
12/04/2022 00:49:55,Clear,clear sky,14.25,12.77,10.46,17.89,1017,40,10000,6.17,190,0,3,13,0.0,0.0,0,0,0,0,6,0,0,0,0,1,0,0,0,1,8,0,0,0,0,0,0,0,0,0,0,0,0,1,1,6,0,0,0,0,0,0,0,0,0,0,0,0,0,0,0
12/04/2022 00:54:55,Clear,clear sky,14.25,12.77,10.46,17.89,1017,40,10000,6.17,190,0,3,13,0.0,0.0,0,0,0,0,0,0,0,0,0,0,0,0,0,1,3,0,0,0,0,0,0,0,0,0,0,0,0,1,2,6,0,0,0,0,0,0,0,0,0,0,0,0,0,0,0
12/04/2022 00:59:55,Clouds,overcast clouds,13.9,12.49,9.9,17.79,1017,44,10000,5.81,190,100,3,13,0.0,0.0,0,0,0,0,2,0,1,1,5,7,0,0,0,0,5,0,0,0,0,0,0,0,0,0,0,0,0,0,1,8,0,0,0,0,0,0,0,0,0,0,0,0,0,0,0
12/04/2022 01:04:55,Clouds,overcast clouds,13.9,12.49,9.9,17.79,1017,44,10000,5.81,190,100,3,14,0.0,0.0,0,0,0,0,1,0,0,0,0,0,0,0,0,2,2,0,0,0,0,0,0,0,0,0,0,0,0,0,0,2,0,0,0,0,0,0,0,0,0,0,0,0,0,0,0
12/04/2022 01:09:55,Clouds,overcast clouds,13.9,12.49,9.9,17.79,1017,44,10000,5.81,190,100,3,14,0.0,0.0,0,0,0,0,5,0,0,0,0,0,0,0,0,1,7,0,0,0,0,0,0,0,0,0,0,0,0,0,0,6,0,0,0,0,0,0,0,0,0,0,0,0,0,0,0
12/04/2022 01:14:55,Clear,clear sky,13.46,12.01,9.32,18.23,1018,44,10000,7.2,170,0,3,14,0.0,0.0,0,0,0,0,0,0,0,0,0,0,0,0,0,0,7,0,0,0,0,0,0,0,0,0,0,0,0,0,0,4,0,0,0,0,0,0,0,0,0,0,0,0,0,0,0
12/04/2022 01:19:55,Clear,clear sky,13.46,12.01,9.32,18.23,1018,44,10000,7.2,170,0,3,14,0.0,0.0,0,0,0,0,1,0,0,0,1,1,0,0,0,0,4,0,0,0,0,0,0,0,0,0,0,0,0,0,0,5,0,0,0,0,0,0,0,0,0,0,0,0,0,0,0
12/04/2022 01:24:55,Clear,clear sky,13.46,12.01,9.32,18.23,1018,44,10000,7.2,170,0,3,14,0.0,0.0,0,0,0,0,5,0,0,0,0,0,0,0,0,0,7,0,0,0,0,0,0,0,0,0,0,0,0,0,1,9,0,0,0,0,0,0,0,0,0,0,0,0,0,0,0
12/04/2022 01:29:55,Clear,clear sky,12.95,11.5,8.78,18.23,1018,46,10000,7.2,170,0,2,13,0.0,0.0,0,0,0,0,0,0,0,0,0,0,0,0,0,0,2,0,0,0,0,0,0,0,0,0,0,0,0,0,1,2,0,0,0,0,0,0,0,0,0,0,0,0,0,0,0
12/04/2022 01:34:55,Clear,clear sky,12.73,11.29,8.21,18.23,1018,47,10000,7.2,170,0,2,13,0.0,0.0,0,0,0,0,4,0,0,0,0,0,0,0,0,0,6,0,0,0,0,0,0,0,0,0,0,0,0,0,2,10,0,0,0,0,0,0,0,0,0,0,0,0,0,0,0
12/04/2022 01:39:55,Clear,clear sky,12.73,11.29,8.21,18.23,1018,47,10000,7.2,170,0,2,13,0.0,0.0,0,0,0,0,4,0,0,0,0,1,0,1,1,2,7,0,0,0,0,0,0,0,0,0,0,0,0,0,2,7,0,0,0,0,0,0,0,0,0,0,0,0,0,0,0
12/04/2022 01:44:55,Clear,clear sky,12.73,11.29,8.21,18.23,1018,47,10000,7.2,170,0,2,13,0.0,0.0,0,0,0,0,2,0,0,0,0,0,0,0,1,1,4,0,0,0,0,0,0,0,0,0,0,0,0,0,2,5,0,0,0,0,0,0,0,0,0,0,0,0,0,0,0
12/04/2022 01:49:55,Clear,clear sky,12.98,11.59,8.22,18.23,1017,48,10000,7.2,170,0,2,13,0.0,0.0,0,0,0,0,1,0,0,0,1,1,0,1,1,1,4,0,0,0,0,0,0,0,0,0,0,0,0,0,0,6,0,0,0,0,0,0,0,0,0,0,0,0,0,0,0
12/04/2022 01:54:55,Clear,clear sky,12.98,11.59,8.22,18.23,1017,48,10000,7.2,170,0,2,13,0.0,0.0,0,0,0,0,3,0,0,1,1,3,0,0,0,0,7,0,0,0,0,0,0,0,0,0,0,0,0,0,0,6,0,0,0,0,0,0,0,0,0,0,0,0,0,0,0
12/04/2022 01:59:55,Clear,clear sky,12.98,11.59,8.22,18.23,1017,48,10000,7.2,170,0,2,13,0.0,0.0,0,0,0,1,3,0,0,0,0,0,0,0,0,1,9,0,0,0,0,0,0,0,0,0,0,0,0,0,3,10,0,0,0,0,0,0,0,0,0,0,0,0,0,0,0
12/04/2022 02:04:55,Clear,clear sky,12.6,11.25,8.22,18.23,1018,51,10000,8.23,180,0,2,12,0.0,0.0,0,0,0,0,0,0,0,0,0,0,0,0,0,1,5,0,0,0,0,0,0,0,0,0,0,0,0,1,1,7,0,0,0,0,0,0,0,0,0,0,0,0,0,0,0
12/04/2022 02:09:55,Clear,clear sky,12.6,11.25,8.22,18.23,1018,51,10000,8.23,180,0,2,12,0.0,0.0,0,0,0,1,4,0,0,0,0,1,0,0,0,1,7,0,0,0,0,0,0,0,0,0,0,0,0,0,1,9,0,0,0,0,0,0,0,0,0,0,0,0,0,0,0
12/04/2022 02:14:55,Clear,clear sky,12.6,11.25,8.22,18.23,1018,51,10000,8.23,180,0,2,13,0.0,0.0,0,0,0,0,1,0,0,0,0,1,0,0,1,2,8,0,0,0,0,0,0,0,0,0,0,0,0,0,0,6,0,0,0,0,0,0,0,0,0,0,0,0,0,0,0
12/04/2022 02:19:55,Clear,clear sky,12.65,11.3,8.24,18.25,1017,51,10000,8.23,180,0,2,15,0.0,0.0,0,0,0,0,1,0,0,0,0,1,0,0,0,0,3,0,0,0,0,0,0,0,0,0,0,0,0,0,0,6,0,0,0,0,0,0,0,0,0,0,0,0,0,0,0
12/04/2022 02:24:55,Clear,clear sky,12.65,11.3,8.24,18.25,1017,51,10000,8.23,180,0,2,15,0.0,0.0,0,0,0,0,2,0,0,0,0,1,0,0,0,0,4,0,0,0,0,0,0,0,0,0,0,0,0,0,1,6,0,0,0,0,0,0,0,0,0,0,0,0,0,0,0
12/04/2022 02:29:55,Clear,clear sky,12.44,11.12,8.22,18.23,1017,53,10000,8.23,180,0,2,15,0.0,0.0,0,0,0,0,0,0,0,0,0,0,0,0,0,0,2,0,0,0,0,0,0,0,0,0,0,0,0,0,1,1,0,0,0,0,0,0,0,0,0,0,0,0,0,0,0
12/04/2022 02:34:55,Clear,clear sky,12.22,10.88,8.22,17.3,1017,53,10000,8.23,180,0,2,15,0.0,0.0,0,0,0,0,0,0,0,0,0,0,0,0,0,0,2,0,0,0,0,0,0,0,0,0,0,0,0,0,1,3,0,0,0,0,0,0,0,0,0,0,0,0,0,0,0
12/04/2022 02:39:55,Clear,clear sky,12.22,10.88,8.22,17.3,1017,53,10000,8.23,180,0,2,15,0.0,0.0,0,0,0,0,0,0,0,0,0,0,0,0,0,0,3,0,0,0,0,0,0,0,0,0,0,0,0,0,0,5,0,0,0,0,0,0,0,0,0,0,0,0,0,0,0
12/04/2022 02:44:55,Clear,clear sky,12.22,10.88,8.22,17.3,1017,53,10000,8.23,180,0,2,16,0.0,0.0,0,0,0,0,0,0,0,0,0,0,0,0,0,0,1,0,0,0,0,0,0,0,0,0,0,0,0,0,0,1,0,0,0,0,0,0,0,0,0,0,0,0,0,0,0
12/04/2022 02:49:55,Clear,clear sky,12.08,10.78,8.25,16.78,1017,55,10000,8.23,180,0,2,16,0.0,0.0,0,0,0,0,2,0,0,0,0,0,0,0,0,0,2,0,0,0,0,0,0,0,0,0,0,0,0,0,0,1,0,0,0,0,0,0,0,0,0,0,0,0,0,0,0
12/04/2022 02:54:55,Clear,clear sky,12.08,10.78,8.25,16.78,1017,55,10000,8.23,180,0,2,16,0.0,0.0,0,0,0,0,0,0,0,0,0,0,0,0,0,0,3,0,0,0,0,0,0,0,0,0,0,0,0,0,1,4,0,0,0,0,0,0,0,0,0,0,0,0,0,0,0
12/04/2022 02:59:55,Clouds,overcast clouds,12.07,10.85,7.7,16.78,1017,58,10000,8.05,180,100,2,16,0.0,0.0,0,0,0,0,0,0,0,0,0,0,0,0,0,0,0,0,0,0,0,0,0,0,0,0,0,0,0,0,0,1,0,0,0,0,0,0,0,0,0,0,0,0,0,0,0
12/04/2022 03:04:55,Clouds,overcast clouds,12.07,10.85,7.7,16.78,1017,58,10000,8.05,180,100,2,16,0.0,0.0,0,0,0,0,1,0,0,0,0,0,0,0,0,0,1,0,0,0,0,0,0,0,0,0,0,0,0,0,0,1,0,0,0,0,0,0,0,0,0,0,0,0,0,0,0
12/04/2022 03:09:55,Clear,clear sky,11.89,10.6,7.67,16.75,1017,56,10000,5.14,180,0,2,16,0.0,0.0,0,0,0,0,0,0,0,0,0,0,0,0,0,0,2,0,0,0,0,0,0,0,0,0,0,0,0,0,0,2,0,0,0,0,0,0,0,0,0,0,0,0,0,0,0
12/04/2022 03:14:55,Clear,clear sky,11.89,10.6,7.67,16.75,1017,56,10000,5.14,180,0,2,16,0.0,0.0,0,0,0,0,0,0,0,0,0,0,0,0,0,0,0,0,0,0,0,0,0,0,0,0,0,0,0,0,0,1,0,0,0,0,0,0,0,0,0,0,0,0,0,0,0
12/04/2022 03:19:55,Clear,clear sky,11.89,10.6,7.67,16.75,1017,56,10000,5.14,180,0,2,16,0.0,0.0,0,0,0,0,0,0,0,0,0,0,0,0,0,0,1,0,0,0,0,0,0,0,0,0,0,0,0,0,0,1,0,0,0,0,0,0,0,0,0,0,0,0,0,0,0
12/04/2022 03:24:55,Clear,clear sky,11.74,10.48,7.67,16.25,1017,58,10000,5.14,180,0,2,16,0.0,0.0,0,0,0,0,1,0,0,0,0,0,0,0,0,0,2,0,0,0,0,0,0,0,0,0,0,0,0,0,2,2,0,0,0,0,0,0,0,0,0,0,0,0,0,0,0
12/04/2022 03:29:55,Clear,clear sky,11.74,10.48,7.67,16.25,1017,58,10000,5.14,180,0,2,17,0.0,0.0,0,0,0,0,0,0,0,0,0,0,0,0,0,0,1,0,0,0,0,0,0,0,0,0,0,0,0,0,1,1,0,0,0,0,0,0,0,0,0,0,0,0,0,0,0
12/04/2022 03:34:55,Clear,clear sky,11.43,10.14,7.66,15.46,1017,58,10000,5.14,180,0,2,17,0.0,0.0,0,0,0,0,0,0,0,0,0,0,0,0,0,0,1,0,0,0,0,0,0,0,0,0,0,0,0,0,0,2,0,0,0,0,0,0,0,0,0,0,0,0,0,0,0
12/04/2022 03:39:55,Clear,clear sky,11.43,10.14,7.66,15.46,1017,58,10000,5.14,180,0,2,17,0.0,0.0,0,0,0,0,0,0,0,0,0,0,0,0,0,0,0,0,0,0,0,0,0,0,0,0,0,0,0,0,0,0,0,0,0,0,0,0,0,0,0,0,0,0,0,0,0
12/04/2022 03:44:55,Clear,clear sky,11.43,10.14,7.66,15.46,1017,58,10000,5.14,180,0,2,14,0.0,0.0,0,0,0,0,0,0,0,0,0,0,0,0,0,0,1,0,0,0,0,0,0,0,0,0,0,0,0,0,0,2,0,0,0,0,0,0,0,0,0,0,0,0,0,0,0
12/04/2022 03:49:55,Clear,clear sky,11.35,10.08,7.44,15.64,1017,59,10000,5.14,180,0,2,14,0.0,0.0,0,0,0,0,0,0,0,0,0,0,0,0,0,0,0,0,0,0,0,0,0,0,0,0,0,0,0,1,1,1,0,0,0,0,0,0,0,0,0,0,0,0,0,0,0
12/04/2022 03:54:55,Clear,clear sky,11.35,10.08,7.44,15.64,1017,59,10000,5.14,180,0,2,14,0.0,0.0,0,0,0,0,0,0,0,0,0,0,0,0,0,0,2,0,0,0,0,0,0,0,0,0,0,0,0,0,2,2,0,0,0,0,0,0,0,0,0,0,0,0,0,0,0
12/04/2022 03:59:55,Clear,clear sky,11.35,10.08,7.44,15.64,1017,59,10000,5.14,180,0,2,14,0.0,0.0,None,None,None,None,None,None,None,None,None,None,None,None,None,None,None,None,None,None,None,None,None,None,None,None,None,None,None,None,None,None,None,None,None,None,None,None,None,None,None,None,None,None,None,None,None
12/04/2022 04:04:55,Clouds,broken clouds,11.2,9.97,7.44,15.64,1017,61,10000,5.66,170,75,2,10,0.0,0.0,None,None,None,None,None,None,None,None,None,None,None,None,None,None,None,None,None,None,None,None,None,None,None,None,None,None,None,None,None,None,None,None,None,None,None,None,None,None,None,None,None,None,None,None,None
12/04/2022 04:09:55,Clouds,broken clouds,11.2,9.97,7.44,15.64,1017,61,10000,5.66,170,75,2,10,0.0,0.0,None,None,None,None,None,None,None,None,None,None,None,None,None,None,None,None,None,None,None,None,None,None,None,None,None,None,None,None,None,None,None,None,None,None,None,None,None,None,None,None,None,None,None,None,None
12/04/2022 04:14:55,Clouds,broken clouds,11.2,9.97,7.44,15.64,1017,61,10000,5.66,170,75,2,9,0.0,0.0,None,None,None,None,None,None,None,None,None,None,None,None,None,None,None,None,None,None,None,None,None,None,None,None,None,None,None,None,None,None,None,None,None,None,None,None,None,None,None,None,None,None,None,None,None
12/04/2022 04:19:55,Clouds,broken clouds,11.05,9.83,7.44,15.64,1017,62,10000,5.66,170,75,2,9,0.0,0.0,None,None,None,None,None,None,None,None,None,None,None,None,None,None,None,None,None,None,None,None,None,None,None,None,None,None,None,None,None,None,None,None,None,None,None,None,None,None,None,None,None,None,None,None,None
12/04/2022 04:24:55,Clouds,broken clouds,11.08,9.84,7.46,15.66,1017,61,10000,5.66,170,75,2,9,0.0,0.0,None,None,None,None,None,None,None,None,None,None,None,None,None,None,None,None,None,None,None,None,None,None,None,None,None,None,None,None,None,None,None,None,None,None,None,None,None,None,None,None,None,None,None,None,None
12/04/2022 04:29:55,Clouds,broken clouds,11.08,9.86,7.44,15.64,1017,62,10000,5.66,170,75,2,9,0.0,0.0,None,None,None,None,None,None,None,None,None,None,None,None,None,None,None,None,None,None,None,None,None,None,None,None,None,None,None,None,None,None,None,None,None,None,None,None,None,None,None,None,None,None,None,None,None
12/04/2022 04:34:55,Clouds,broken clouds,11.08,9.86,7.44,15.64,1017,62,10000,5.66,170,75,2,9,0.0,0.0,None,None,None,None,None,None,None,None,None,None,None,None,None,None,None,None,None,None,None,None,None,None,None,None,None,None,None,None,None,None,None,None,None,None,None,None,None,None,None,None,None,None,None,None,None
12/04/2022 04:39:55,Clouds,broken clouds,11.08,9.86,7.44,15.64,1017,62,10000,5.66,170,75,2,9,0.0,0.0,None,None,None,None,None,None,None,None,None,None,None,None,None,None,None,None,None,None,None,None,None,None,None,None,None,None,None,None,None,None,None,None,None,None,None,None,None,None,None,None,None,None,None,None,None
12/04/2022 04:44:55,Clouds,broken clouds,11.08,9.86,7.44,15.64,1017,62,10000,5.66,170,75,2,9,0.0,0.0,None,None,None,None,None,None,None,None,None,None,None,None,None,None,None,None,None,None,None,None,None,None,None,None,None,None,None,None,None,None,None,None,None,None,None,None,None,None,None,None,None,None,None,None,None
12/04/2022 04:49:55,Clouds,broken clouds,11.13,9.92,7.23,15.46,1017,62,10000,5.66,170,75,2,9,0.0,0.0,None,None,None,None,None,None,None,None,None,None,None,None,None,None,None,None,None,None,None,None,None,None,None,None,None,None,None,None,None,None,None,None,None,None,None,None,None,None,None,None,None,None,None,None,None
12/04/2022 04:54:55,Clouds,broken clouds,11.13,9.92,7.23,15.46,1017,62,10000,5.66,170,75,2,9,0.0,0.0,None,None,None,None,None,None,None,None,None,None,None,None,None,None,None,None,None,None,None,None,None,None,None,None,None,None,None,None,None,None,None,None,None,None,None,None,None,None,None,None,None,None,None,None,None
12/04/2022 04:59:55,Clouds,broken clouds,11.13,9.92,7.23,15.46,1017,62,10000,5.66,170,75,2,9,0.0,0.0,None,None,None,None,None,None,None,None,None,None,None,None,None,None,None,None,None,None,None,None,None,None,None,None,None,None,None,None,None,None,None,None,None,None,None,None,None,None,None,None,None,None,None,None,None
12/04/2022 05:04:55,Clouds,few clouds,11.28,10.08,7.44,14.9,1018,62,10000,4.12,160,20,2,9,0.0,0.0,None,None,None,None,None,None,None,None,None,None,None,None,None,None,None,None,None,None,None,None,None,None,None,None,None,None,None,None,None,None,None,None,None,None,None,None,None,None,None,None,None,None,None,None,None
12/04/2022 05:09:55,Clouds,few clouds,11.28,10.08,7.44,14.9,1018,62,10000,4.12,160,20,2,9,0.0,0.0,None,None,None,None,None,None,None,None,None,None,None,None,None,None,None,None,None,None,None,None,None,None,None,None,None,None,None,None,None,None,None,None,None,None,None,None,None,None,None,None,None,None,None,None,None
12/04/2022 05:14:55,Clouds,few clouds,11.28,10.08,7.44,14.9,1018,62,10000,4.12,160,20,2,9,0.0,0.0,None,None,None,None,None,None,None,None,None,None,None,None,None,None,None,None,None,None,None,None,None,None,None,None,None,None,None,None,None,None,None,None,None,None,None,None,None,None,None,None,None,None,None,None,None
12/04/2022 05:19:55,Clouds,few clouds,11.33,10.14,7.44,14.92,1018,62,10000,4.12,160,20,2,9,0.0,0.0,None,None,None,None,None,None,None,None,None,None,None,None,None,None,None,None,None,None,None,None,None,None,None,None,None,None,None,None,None,None,None,None,None,None,None,None,None,None,None,None,None,None,None,None,None
12/04/2022 05:24:55,Clouds,few clouds,11.33,10.14,7.44,14.92,1018,62,10000,4.12,160,20,2,9,0.0,0.0,None,None,None,None,None,None,None,None,None,None,None,None,None,None,None,None,None,None,None,None,None,None,None,None,None,None,None,None,None,None,None,None,None,None,None,None,None,None,None,None,None,None,None,None,None
12/04/2022 05:29:55,Clouds,few clouds,11.33,10.14,7.44,14.92,1018,62,10000,4.12,160,20,2,9,0.0,0.0,None,None,None,None,None,None,None,None,None,None,None,None,None,None,None,None,None,None,None,None,None,None,None,None,None,None,None,None,None,None,None,None,None,None,None,None,None,None,None,None,None,None,None,None,None
12/04/2022 05:34:55,Clouds,few clouds,11.3,10.13,7.44,14.92,1018,63,10000,4.12,160,20,2,9,0.0,0.0,None,None,None,None,None,None,None,None,None,None,None,None,None,None,None,None,None,None,None,None,None,None,None,None,None,None,None,None,None,None,None,None,None,None,None,None,None,None,None,None,None,None,None,None,None
12/04/2022 05:39:55,Clouds,few clouds,11.3,10.13,7.44,14.92,1018,63,10000,4.12,160,20,2,9,0.0,0.0,None,None,None,None,None,None,None,None,None,None,None,None,None,None,None,None,None,None,None,None,None,None,None,None,None,None,None,None,None,None,None,None,None,None,None,None,None,None,None,None,None,None,None,None,None
12/04/2022 05:44:55,Clouds,few clouds,11.3,10.13,7.44,14.92,1018,63,10000,4.12,160,20,3,10,0.27000001072883606,0.4000000059604645,None,None,None,None,None,None,None,None,None,None,None,None,None,None,None,None,None,None,None,None,None,None,None,None,None,None,None,None,None,None,None,None,None,None,None,None,None,None,None,None,None,None,None,None,None
12/04/2022 05:49:55,Clouds,few clouds,11.3,10.13,7.65,14.92,1018,63,10000,4.12,160,20,3,10,0.27000001072883606,0.4000000059604645,None,None,None,None,None,None,None,None,None,None,None,None,None,None,None,None,None,None,None,None,None,None,None,None,None,None,None,None,None,None,None,None,None,None,None,None,None,None,None,None,None,None,None,None,None
12/04/2022 05:54:55,Clouds,few clouds,11.3,10.13,7.65,14.92,1018,63,10000,4.12,160,20,3,10,0.10000000149011612,0.23000000417232513,None,None,None,None,None,None,None,None,None,None,None,None,None,None,None,None,None,None,None,None,None,None,None,None,None,None,None,None,None,None,None,None,None,None,None,None,None,None,None,None,None,None,None,None,None
12/04/2022 05:59:55,Clouds,few clouds,11.3,10.13,7.65,14.92,1018,63,10000,4.12,160,20,3,10,0.10000000149011612,0.23000000417232513,None,None,None,None,None,None,None,None,None,None,None,None,None,None,None,None,None,None,None,None,None,None,None,None,None,None,None,None,None,None,None,None,None,None,None,None,None,None,None,None,None,None,None,None,None
12/04/2022 06:04:55,Clouds,few clouds,11.4,10.24,8,14.92,1018,63,10000,4.02,160,20,3,9,0.10000000149011612,0.23000000417232513,None,None,None,None,None,None,None,None,None,None,None,None,None,None,None,None,None,None,None,None,None,None,None,None,None,None,None,None,None,None,None,None,None,None,None,None,None,None,None,None,None,None,None,None,None
12/04/2022 06:09:55,Clouds,few clouds,11.4,10.24,8,14.92,1018,63,10000,4.02,160,20,3,9,0.10000000149011612,0.23000000417232513,None,None,None,None,None,None,None,None,None,None,None,None,None,None,None,None,None,None,None,None,None,None,None,None,None,None,None,None,None,None,None,None,None,None,None,None,None,None,None,None,None,None,None,None,None
12/04/2022 06:14:55,Clouds,few clouds,11.4,10.24,8,14.92,1018,63,10000,4.02,160,20,3,9,0.10000000149011612,0.23000000417232513,None,None,None,None,None,None,None,None,None,None,None,None,None,None,None,None,None,None,None,None,None,None,None,None,None,None,None,None,None,None,None,None,None,None,None,None,None,None,None,None,None,None,None,None,None
12/04/2022 06:19:55,Clouds,few clouds,11.46,10.31,8.03,14.38,1018,63,10000,3.09,180,20,3,9,2.119999885559082,2.119999885559082,None,None,None,None,None,None,None,None,None,None,None,None,None,None,None,None,None,None,None,None,None,None,None,None,None,None,None,None,None,None,None,None,None,None,None,None,None,None,None,None,None,None,None,None,None
12/04/2022 06:24:55,Clouds,few clouds,11.46,10.31,8.03,14.38,1018,63,10000,3.09,180,20,3,9,2.130000114440918,2.130000114440918,None,None,None,None,None,None,None,None,None,None,None,None,None,None,None,None,None,None,None,None,None,None,None,None,None,None,None,None,None,None,None,None,None,None,None,None,None,None,None,None,None,None,None,None,None
12/04/2022 06:29:55,Clouds,few clouds,11.38,10.22,8,14.25,1018,63,10000,3.09,180,20,3,9,2.130000114440918,2.130000114440918,None,None,None,None,None,None,None,None,None,None,None,None,None,None,None,None,None,None,None,None,None,None,None,None,None,None,None,None,None,None,None,None,None,None,None,None,None,None,None,None,None,None,None,None,None
12/04/2022 06:34:55,Clouds,few clouds,11.38,10.22,8,14.25,1018,63,10000,3.09,180,20,3,9,2.130000114440918,2.130000114440918,None,None,None,None,None,None,None,None,None,None,None,None,None,None,None,None,None,None,None,None,None,None,None,None,None,None,None,None,None,None,None,None,None,None,None,None,None,None,None,None,None,None,None,None,None
12/04/2022 06:39:55,Clouds,few clouds,11.38,10.22,8,14.25,1018,63,10000,3.09,180,20,3,9,2.130000114440918,2.130000114440918,None,None,None,None,None,None,None,None,None,None,None,None,None,None,None,None,None,None,None,None,None,None,None,None,None,None,None,None,None,None,None,None,None,None,None,None,None,None,None,None,None,None,None,None,None
12/04/2022 06:44:55,Clouds,few clouds,11.41,10.25,8,14.14,1018,63,10000,3.09,180,20,3,9,2.130000114440918,2.130000114440918,None,None,None,None,None,None,None,None,None,None,None,None,None,None,None,None,None,None,None,None,None,None,None,None,None,None,None,None,None,None,None,None,None,None,None,None,None,None,None,None,None,None,None,None,None
12/04/2022 06:49:55,Clouds,few clouds,11.41,10.25,8,14.14,1018,63,10000,3.09,180,20,3,9,4.849999904632568,4.849999904632568,None,None,None,None,None,None,None,None,None,None,None,None,None,None,None,None,None,None,None,None,None,None,None,None,None,None,None,None,None,None,None,None,None,None,None,None,None,None,None,None,None,None,None,None,None
12/04/2022 06:54:55,Clouds,few clouds,11.41,10.25,8,14.14,1018,63,10000,3.09,180,20,3,9,4.849999904632568,4.849999904632568,None,None,None,None,None,None,None,None,None,None,None,None,None,None,None,None,None,None,None,None,None,None,None,None,None,None,None,None,None,None,None,None,None,None,None,None,None,None,None,None,None,None,None,None,None
12/04/2022 06:59:55,Clouds,overcast clouds,11.44,10.31,8.21,14.14,1017,64,10000,2.68,180,98,3,9,3.380000114440918,3.380000114440918,None,None,None,None,None,None,None,None,None,None,None,None,None,None,None,None,None,None,None,None,None,None,None,None,None,None,None,None,None,None,None,None,None,None,None,None,None,None,None,None,None,None,None,None,None
12/04/2022 07:04:55,Clouds,overcast clouds,11.44,10.31,8.21,14.14,1017,64,10000,2.68,180,98,3,6,3.380000114440918,3.380000114440918,None,None,None,None,None,None,None,None,None,None,None,None,None,None,None,None,None,None,None,None,None,None,None,None,None,None,None,None,None,None,None,None,None,None,None,None,None,None,None,None,None,None,None,None,None
12/04/2022 07:09:55,Clouds,overcast clouds,11.44,10.31,8.21,14.14,1017,64,10000,2.68,180,98,3,6,3.380000114440918,3.380000114440918,None,None,None,None,None,None,None,None,None,None,None,None,None,None,None,None,None,None,None,None,None,None,None,None,None,None,None,None,None,None,None,None,None,None,None,None,None,None,None,None,None,None,None,None,None
12/04/2022 07:14:55,Clouds,few clouds,11.43,10.25,8.21,14.11,1017,62,10000,4.12,180,20,3,6,3.380000114440918,3.380000114440918,None,None,None,None,None,None,None,None,None,None,None,None,None,None,None,None,None,None,None,None,None,None,None,None,None,None,None,None,None,None,None,None,None,None,None,None,None,None,None,None,None,None,None,None,None
12/04/2022 07:19:55,Clouds,few clouds,11.43,10.25,8.21,14.11,1017,62,10000,4.12,180,20,3,6,3.380000114440918,3.380000114440918,None,None,None,None,None,None,None,None,None,None,None,None,None,None,None,None,None,None,None,None,None,None,None,None,None,None,None,None,None,None,None,None,None,None,None,None,None,None,None,None,None,None,None,None,None
12/04/2022 07:24:55,Clouds,few clouds,11.47,10.27,8.21,13.7,1017,61,10000,4.12,180,20,3,6,1.7000000476837158,1.7000000476837158,None,None,None,None,None,None,None,None,None,None,None,None,None,None,None,None,None,None,None,None,None,None,None,None,None,None,None,None,None,None,None,None,None,None,None,None,None,None,None,None,None,None,None,None,None
12/04/2022 07:29:55,Clouds,few clouds,11.47,10.27,8.21,13.7,1017,61,10000,4.12,180,20,3,6,1.7000000476837158,1.7000000476837158,None,None,None,None,None,None,None,None,None,None,None,None,None,None,None,None,None,None,None,None,None,None,None,None,None,None,None,None,None,None,None,None,None,None,None,None,None,None,None,None,None,None,None,None,None
12/04/2022 07:34:55,Clouds,few clouds,11.47,10.27,8.21,13.7,1017,61,10000,4.12,180,20,3,6,1.7000000476837158,1.7000000476837158,None,None,None,None,None,None,None,None,None,None,None,None,None,None,None,None,None,None,None,None,None,None,None,None,None,None,None,None,None,None,None,None,None,None,None,None,None,None,None,None,None,None,None,None,None
12/04/2022 07:39:55,Clouds,few clouds,11.44,10.21,8.21,13.67,1017,60,10000,4.12,180,20,3,6,0.75,0.75,None,None,None,None,None,None,None,None,None,None,None,None,None,None,None,None,None,None,None,None,None,None,None,None,None,None,None,None,None,None,None,None,None,None,None,None,None,None,None,None,None,None,None,None,None
12/04/2022 07:44:55,Clouds,few clouds,11.44,10.21,8.21,13.67,1017,60,10000,4.12,180,20,3,6,0.75,0.75,None,None,None,None,None,None,None,None,None,None,None,None,None,None,None,None,None,None,None,None,None,None,None,None,None,None,None,None,None,None,None,None,None,None,None,None,None,None,None,None,None,None,None,None,None
12/04/2022 07:46:54,Clouds,few clouds,11.44,10.21,8.21,13.67,1017,60,10000,4.12,180,20,3,6,0.75,0.75,0,0,1,1,2,0,0,0,0,0,0,0,0,0,4,0,0,0,0,0,0,0,0,0,0,0,0,1,1,6,0,0,0,0,0,0,0,0,0,0,0,0,0,0,0
